"reg_no","genus","species","latitude","longitude","tail_shape","sex","institution","plain_number","id","ratio","svl","tail_length","midbody_diameter","midtail_diameter","head_width","head_depth","ant_nostril_to_ant_eyes","distance_between_eyes_closest","distance_from_forehead_between_eyes_to_snout","lower_lip_to_snout","mouth_width","tip_of_mouth_to_head_depth","headlength_xray","precloacal_vert","postcloacal_vert","confidence","total_length"
"R21665","Anilios","nema",-12.43,130.83,"pointy","m","MAGNT","21665","MAGNT_R21665",0.01,267.5,3,3.37,2.225,2.45,1.75,1.425,1.8,1.815,0.865,1.13,1.55,4.467,328,10,"yes",270.5
"R14324","Anilios","fossor",-23.467,134.967,"pointy","f","MAGNT","14324","MAGNT_R14324",0.021,242,5,4.75,3.18,2.39,1.865,1.465,1.805,2.095,1.05,1.39,1.495,5.149,250,12,"yes",247
"R34490","Anilios","centralis",-23.7,133.87,"pointy","m","MAGNT","34490","MAGNT_R34490",0.04,257.5,10,5.295,4.415,3.665,3.055,1.795,2.78,3.13,1.545,2.235,2.135,5.25,217,15,"yes",267.5
"R34491","Anilios","centralis",-23.8,133.733,"pointy","m","MAGNT","34491","MAGNT_R34491",0.029,295.5,8.5,4.81,4.07,3.555,2.585,2.14,2.725,3.09,1.65,1.57,2.025,5.1,215,15,"tail",304
"R34494","Anilios","centralis",-23.7,133.88,"pointy","f","MAGNT","34494","MAGNT_R34494",0.02,208,5,4.305,3.59,2.84,2.625,1.545,2.265,2.885,1.37,1.59,1.78,5.43,208,18,"tail",213
"R34492","Anilios","centralis",-23.767,133.883,"pointy","f","MAGNT","34492","MAGNT_R34492",0.018,284,5,4.055,3.165,3.22,2.58,1.825,2.285,2.925,1.39,1.635,2.03,5.719,243,13,"tail",289
"R34493","Anilios","centralis",-23.7,133.88,"pointy","m","MAGNT","34493","MAGNT_R34493",0.03,159,5,2.795,2.795,2.505,1.81,1.315,1.87,2.11,1.01,1.165,1.66,4.595,208,14,"tail",164
"R16047","Anilios","nema",-12.4,130.9,"pointy","m","MAGNT","16047","MAGNT_R16047",0.025,182.5,4.5,2.45,1.76,1.82,1.195,1.04,1.34,1.54,0.67,0.82,1.025,3.595,299,25,"yes",187
"R34110","Anilios","nema",-12.42,130.88,"pointy","f","MAGNT","34110","MAGNT_R34110",0.02,127.5,3,1.84,1.43,1.7,1.34,0.965,1.37,1.195,0.835,0.66,0.96,6.135,319,17,"tail",130.5
"R27556","Anilios","nema",-12.394,130.877,"pointy","f","MAGNT","27556","MAGNT_R27556",0.016,250,4,2.7,2.145,2.345,1.63,1.5,1.57,1.82,0.88,1,1.375,4.497,319,13,"tail",254
"R27696","Anilios","nema",-13.03,131,"pointy","m","MAGNT","27696","MAGNT_R27696",0.05,211,11,2.595,2.33,1.945,1.355,1.215,1.35,1.385,0.965,0.755,1.13,3.879,322,17,"yes",222
"R07521","Anilios","minimus",-13.883,136.767,"pointy","f","MAGNT","7521","MAGNT_R07521",0.023,175,4,2.305,1.81,1.965,1.355,1.195,1.425,1.605,0.765,0.875,1.125,4.482,208,12,"tail",179
"R09874","Anilios","minimus",-13.97,136.43,"pointy","m","MAGNT","9874","MAGNT_R09874",0.02,211,4.5,2.905,2.295,2.095,1.465,1.23,1.705,1.635,0.755,1.16,1.32,4.313,255,10,"yes",215.5
"R13936","Anilios","yirrikalae",-13.417,132.1,"pointy","f","MAGNT","13936","MAGNT_R13936",0.029,156,4.5,3.75,2.895,2.65,2.095,1.625,1.72,2.6,1.085,1.575,1.55,5.921,206,17,"yes",160.5
"R16855","Anilios","yirrikalae",-12.43,130.93,"pointy","m","MAGNT","16855","MAGNT_R16855",0.03,189.5,6,3.325,2.925,3.04,2.27,1.585,2.305,2.745,1.395,1.685,1.765,6.106,248,13,"yes",195.5
"R14447","Anilios","yirrikalae",-17.317,137.067,"pointy","f","MAGNT","14447","MAGNT_R14447",0.018,192.5,3.5,4.42,2.86,2.875,2.215,1.89,2.25,2.59,1.225,1.61,1.695,6.087,201,15,"yes",196
"R36151","Anilios","tovelli",-11.34,132.59,"pointy","f","MAGNT","36151","MAGNT_R36151",0.03,153,4.5,3.595,2.385,2.495,1.815,1.19,1.86,1.79,0.96,1.35,1.225,4.914,155,13,"tail",157.5
"R03422","Anilios","tovelli",-12.45,131.05,"pointy","m","MAGNT","3422","MAGNT_R03422",0.039,152,6,4.1,2.995,2.515,1.885,1.185,1.875,1.735,0.86,1.515,1.305,4.752,136,14,"tail",158
"R08365","Anilios","tovelli",-12.45,131.05,"pointy","f","MAGNT","8365","MAGNT_R08365",0.03,101,3.5,2.935,1.815,2.045,1.405,1.1,1.415,1.435,0.715,1.085,0.995,4.093,142,12,"tail",104.5
"R08718","Anilios","tovelli",-12.45,131.05,"pointy","m","MAGNT","8718","MAGNT_R08718",0.043,115,5,3.245,2.5,2.165,1.36,1.01,1.505,1.515,0.81,1,1.185,4.717,143,17,"yes",120
"R12045","Anilios","tovelli",-12.56,131.31,"pointy","f","MAGNT","12045","MAGNT_R12045",0.03,163.5,4.5,3.635,2.295,2.925,1.79,1.465,2,2,1.125,1.475,1.585,5.478,140,12,"tail",168
"R03279","Anilios","tovelli",-12.7,130.967,"pointy","m","MAGNT","3279","MAGNT_R03279",0.032,124,4,3.115,1.765,2.43,1.57,1.25,1.67,1.575,0.785,1.225,1.19,4.258,136,16,"tail",128
"R36155","Anilios","tovelli",-12.18,136.11,"pointy","m","MAGNT","36155","MAGNT_R36155",0.04,114.5,5,2.925,2.155,2.345,1.3,1.05,1.46,1.445,0.85,1.105,1.14,4.283,136,14,"yes",119.5
"R04012","Anilios","tovelli",-12.7,130.967,"pointy","f","MAGNT","4012","MAGNT_R04012",0.037,108,4,3.135,2.425,2.355,1.54,1.105,1.405,1.69,0.835,1.005,1.11,4.405,135,11,"tail",112
"R36153","Anilios","tovelli",-11.29,132.22,"pointy","?","MAGNT","36153","MAGNT_R36153",0.04,121,4.5,3.08,2.42,2.495,1.6,1.325,1.675,1.575,0.825,1.245,1.29,5.031,139,14,,125.5
"R03301","Anilios","tovelli",-12.55,131.05,"pointy","f","MAGNT","3301","MAGNT_R03301",0.026,95,2.5,2.79,1.41,2.015,1.2,1.035,1.2,1.26,0.775,0.835,0.885,3.716,139,12,"yes",97.5
"R12044","Anilios","tovelli",-12.56,131.31,"pointy","m","MAGNT","12044","MAGNT_R12044",0.03,128.5,4,3.53,2.085,2.745,1.63,1.075,1.76,1.66,0.87,1.225,1.205,4.471,142,15,"tail",132.5
"R34084","Anilios","endoterus",-25.35,131.033,"pointy","m","MAGNT","34084","MAGNT_R34084",0.04,198.5,8,3.885,2.985,2.905,2.19,1.455,1.865,2.47,1.435,1.535,1.455,4.895,201,20,"yes",206.5
"R34092","Anilios","endoterus",-23.95,133.93,"pointy","f","MAGNT","34092","MAGNT_R34092",0.02,284,7,5.2,3.64,4.17,3.07,2.045,2.86,3.415,1.76,2.3,2.185,6.997,213,13,"tail",291
"R34091","Anilios","endoterus",-24.75,136,"pointy","m","MAGNT","34091","MAGNT_R34091",0.033,276,9,5.55,3.79,3.505,2.85,2.315,2.56,3.095,1.54,2.13,1.82,6.321,206,16,"yes",285
"R34040","Anilios","endoterus",-25.3,130.72,"pointy","f","MAGNT","34040","MAGNT_R34040",0.03,277,7,5.465,4.28,4.08,3.24,2.03,2.87,3.165,1.945,2.345,2.1,6.782,211,16,"tail",284
"R34085","Anilios","endoterus",-25.35,131.033,"pointy","m","MAGNT","34085","MAGNT_R34085",0.035,185.75,6.5,2.935,2.42,2.65,1.565,1.21,1.71,2.04,1.13,1.135,1.185,4.973,201,18,"tail",192.25
"R34083","Anilios","endoterus",-24.88,134.25,"pointy","f","MAGNT","34083","MAGNT_R34083",0.02,352.5,7.5,7.5,5.51,4.385,3.11,2.085,2.87,3.45,2.015,2.345,2.255,6.928,210,12,"yes",360
"R34088","Anilios","endoterus",-21.006,130.083,"pointy","m","MAGNT","34088","MAGNT_R34088",0.038,158,6,3.525,2.59,2.96,2.145,1.56,2.005,2.415,1.22,1.45,1.61,5.474,193,18,"yes",164
"R17582","Anilios","endoterus",-24,133.9,"pointy","f","MAGNT","17582","MAGNT_R17582",0.02,328,5.5,7.26,4.305,4.47,3.22,2.6,3.295,3.505,1.81,2.525,2.24,6.3,208,13,"yes",333.5
"R17586","Anilios","endoterus",-24,133.9,"pointy","f","MAGNT","17586","MAGNT_R17586",0.021,257.5,5.5,4.895,3.945,3.785,2.49,1.845,2.43,3.045,1.575,2.015,1.82,7.199,210,12,"yes",263
"R17589","Anilios","endoterus",-24,133.9,"pointy","m","MAGNT","17589","MAGNT_R17589",0.03,168,5.75,3.525,2.88,2.68,1.895,1.255,1.845,2.26,1.105,1.57,1.235,4.543,210,14,"yes",173.75
"R14333","Anilios","centralis",-24,133.433,"pointy","m","MAGNT","14333","MAGNT_R14333",0.024,273.5,6.5,4.35,4.355,3.515,2.515,1.795,2.49,3.23,1.69,2.175,2.095,5.271,212,17,"yes",280
"R34053","Anilios","centralis",-23.7,133.85,"pointy","f","MAGNT","34053","MAGNT_R34053",0.02,249.5,4.5,4.84,3.545,3.375,2.475,1.7,2.4,2.9,1.375,1.67,1.895,5.42,226,12,"yes",254
"R18360","Anilios","centralis",-23.517,133.267,"pointy","f","MAGNT","18360","MAGNT_R18360",0.014,291,4,6.01,3.995,3.43,2.21,1.695,2.455,2.755,1.385,1.825,1.935,5.286,245,14,"yes",295
"R34104","Anilios","centralis",-23.77,133.88,"pointy","m","MAGNT","34104","MAGNT_R34104",0.04,249.5,9.5,4.645,4.185,3.425,2.765,1.77,2.61,2.985,1.55,2.04,2.005,6.135,219,16,"yes",259
"R05544","Anilios","centralis",-23.7,133.867,"pointy","f","MAGNT","5544","MAGNT_R05544",0.017,323,5.5,5.48,4.175,3.72,2.61,1.86,2.78,3.38,1.605,1.825,2.105,6.044,237,11,"tail",328.5
"R34042","Anilios","centralis",-23.7,133.88,"pointy","m","MAGNT","34042","MAGNT_R34042",0.03,313.5,10.5,6.71,4.98,3.68,3.2,1.91,2.79,3.15,1.715,2.35,2.065,6.327,213,18,"yes",324
"R34041","Anilios","centralis",-23.7,133.883,"pointy","m","MAGNT","34041","MAGNT_R34041",0.032,285.5,9,5.93,4.58,3.705,2.89,2.06,2.63,2.915,1.62,2.155,1.92,5.691,214,16,"yes",294.5
"R34043","Anilios","centralis",-23.7,133.88,"pointy","f","MAGNT","34043","MAGNT_R34043",0.02,292,5.75,5.2,3.81,3.5,2.735,1.795,2.615,2.93,1.475,1.89,2.005,5.83,233,14,"yes",297.75
"R34044","Anilios","centralis",-23.7,133.883,"pointy","f","MAGNT","34044","MAGNT_R34044",0.024,330.5,8,6.805,4.415,3.405,2.67,1.695,2.645,3.135,1.535,1.825,2.015,6.396,236,14,"yes",338.5
"R34038","Anilios","centralis",-23.62,136.88,"pointy","f","MAGNT","34038","MAGNT_R34038",0.02,287.5,6,5.44,3.295,3.16,2.19,1.96,2.265,2.86,1.46,1.58,1.72,5.259,228,14,"yes",293.5
"R06741","Anilios","guentheri",-15.75,128.7,"pointy","f","MAGNT","6741","MAGNT_R06741",0.012,266,3.25,3.345,2.585,2.535,1.745,1.28,1.825,1.65,0.97,1.295,1.395,4.303,305,10,"yes",269.25
"R00915","Anilios","guentheri",-12.33,133.03,"pointy","m","MAGNT","915","MAGNT_R00915",0.02,259,5,3.035,2.485,2.28,1.745,1.25,1.73,1.63,0.89,1.36,1.325,4.306,271,9,"yes",264
"R24854","Anilios","sp",-15.376,130.106,"pointy","f","MAGNT","24854","MAGNT_R24854",0.018,248.5,4.5,4.01,3.14,2.445,2.045,1.325,1.775,1.76,1.155,1.06,1.47,5.169,259,9,"yes",253
"R02568","Anilios","guentheri",-13.82,131.83,"pointy","f","MAGNT","2568","MAGNT_R02568",0.02,192.5,3,3.455,2.585,2.35,1.685,1.24,1.795,1.86,0.8,0.935,1.285,4.254,231,10,"yes",195.5
"R34094","Anilios","grypusW",-25.35,131.033,"pointy","f","MAGNT","34094","MAGNT_R34094",0.022,358.5,7.75,4.26,2.935,2.44,1.88,1.41,1.865,2.455,1.405,1.36,1.57,4.381,,,"tail",366.25
"R34100","Anilios","grypusW",-20.75,130.28,"pointy","f","MAGNT","34100","MAGNT_R34100",0.02,319,7,3.505,2.705,2.315,1.68,1.185,1.585,2.225,1.18,1.16,1.35,4.47,317,16,"tail",326
"R17515","Anilios","grypusW",-25.25,131,"pointy","f","MAGNT","17515","MAGNT_R17515",0.018,388,7,4.19,3.045,2.54,1.79,1.34,1.765,2.52,1.3,1.03,1.545,4.558,320,18,"yes",395
"R14956","Anilios","grypusW",-20.87,130.27,"pointy","m","MAGNT","14956","MAGNT_R14956",0.04,318.25,13.25,4.035,2.72,2.275,1.565,1.04,1.71,2.18,1.15,1.14,1.32,4.483,314,26,"yes",331.5
"J93635","Anilios","affinis",-20.511,146.867,"pointy","m","QM","93635","QM_J93635",0.034,238,8,3.13,2.275,2.195,1.465,1.41,1.685,2.01,0.93,1.21,1.175,4.07,,,"tail",246
"J76269","Anilios","affinis",-19.75,147.8,"pointy","f","QM","76269","QM_J76269",0.01,238.5,3.5,3.52,2.63,2.385,1.76,1.375,1.985,2.205,1.18,1.46,1.415,4.58,,,"tail",242
"J44506","Anilios","affinis",-19.483,145.65,"pointy","m","QM","44506","QM_J44506",0.035,201,7,3.23,2.615,1.91,1.55,1.095,1.675,1.865,1.015,1.585,1.18,3.56,,,"yes",208
"J76610","Anilios","affinis",-25.02,147.93,"pointy","f","QM","76610","QM_J76610",0.02,256.5,5,3.7,2.685,2.45,1.94,1.405,2,2.385,1.2,1.59,1.37,5.07,,,"tail",261.5
"J76612","Anilios","affinis",-25.09,147.866,"pointy","f","QM","76612","QM_J76612",0.012,217.5,2.5,3.29,2.315,2.23,1.54,1.29,1.87,2.23,1.005,1.33,1.32,4.83,,,"tail",220
"J44501","Anilios","affinis",-20.77,146.17,"pointy","f","QM","44501","QM_J44501",0.02,240,4,4.185,2.655,2.175,1.865,1.405,1.84,2.015,0.91,1.49,1.225,4.68,,,"tail",244
"J44503","Anilios","affinis",-20.333,146.65,"pointy","m","QM","44503","QM_J44503",0.037,230.5,8.25,3.515,2.06,2.02,1.81,1.29,1.72,2.035,1.095,1.38,1.32,4.37,,,"yes",238.75
"J45432","Anilios","affinis",-24.33,151.57,"pointy","m","QM","45432","QM_J45432",0.04,189,7.75,3.405,2.43,2.115,1.54,1.32,1.695,2,0.975,1.22,1.245,4.6,,,"tail",196.75
"J64586","Anilios","affinis",-23.517,150.333,"pointy","f","QM","64586","QM_J64586",0.017,204,3.5,3.575,2.125,2.115,1.33,0.99,1.905,2,1.015,1.24,1.19,4.96,,,"yes",207.5
"J61022","Anilios","affinis",-26.55,142.2,"pointy","m","QM","61022","QM_J61022",0.04,221,8.5,2.955,2.46,1.99,1.595,1.38,1.62,1.92,1.1,1.165,1.245,4.45,,,"tail",229.5
"J44505","Anilios","affinis",-20.2,146.283,"pointy","f","QM","44505","QM_J44505",0.012,171,2,3.37,2.04,1.86,1.47,1.06,1.54,1.73,0.93,1.145,1.18,3.3,,,"tail",173
"J46706","Anilios","affinis",-22.82,145.37,"pointy","m","QM","46706","QM_J46706",0.04,200,8,3.455,2.61,2.045,1.475,1.24,1.675,2.03,1.14,1.2,1.205,4.5,,,"yes",208
"J64584","Anilios","affinis",-23.517,150.333,"pointy","f","QM","64584","QM_J64584",0.021,193.5,4,3.175,2.145,2.015,1.415,1.06,1.605,2.005,0.88,1.21,1.265,4.33,,,"tail",197.5
"J44499","Anilios","affinis",-19.63,145.78,"pointy","f","QM","44499","QM_J44499",0.02,200,3.5,2.92,1.99,2.085,1.65,1.215,1.535,1.54,0.975,1.215,1.12,4.1,,,"yes",203.5
"J72756","Anilios","affinis",-22.345,145.4,"pointy","m","QM","72756","QM_J72756",0.029,206,6,3.365,2.855,2.46,1.72,1.255,1.695,1.98,1.06,1.115,1.325,3.55,,,"tail",212
"J61812","Anilios","affinis",-19.42,146.95,"pointy","m","QM","61812","QM_J61812",0.03,215.5,7,3.02,2.39,2.325,1.46,1.225,1.41,1.85,0.94,0.965,1.165,4.31,,,"tail",222.5
"J36879","Anilios","affinis",-23.517,148.167,"pointy","m","QM","36879","QM_J36879",0.031,180,5.5,2.195,2.07,2.195,1.435,1.195,1.775,1.89,1.04,1.32,1.17,4.17,,,"tail",185.5
"J81301","Anilios","affinis",-20.7,147.7,"pointy","m","QM","81301","QM_J81301",0.04,196.5,7.5,3.235,2.355,1.965,1.29,1.07,1.56,1.765,0.955,1.145,1.155,3.47,,,"tail",204
"J23870","Anilios","affinis",-27.567,152.883,"pointy","f","QM","23870","QM_J23870",0.02,205,4,2.87,3.18,2.43,1.805,1.25,1.905,2.425,1.19,1.32,1.375,4.73,218,13,"tail",209
"J70008","Anilios","affinis",-27.7,152.86,"pointy","m","QM","70008","QM_J70008",0.05,167.5,8,2.67,2.465,2.175,1.85,1.14,1.91,1.97,1.125,1.265,1.215,4.74,,,"yes",175.5
"J91822","Anilios","aspina",-20.768,141.742,"no spine","m","QM","91822","QM_J91822",0.025,239.5,6,3.645,2.595,2.385,1.765,1.135,1.8,1.87,0.76,1.095,1.11,4.77,,,"tail",245.5
"J67159","Anilios","chamodracaena",-12.62,141.98,"pointy","f","QM","67159","QM_J67159",0.02,187.5,4.25,2.77,2.565,2.015,1.3,1.09,1.705,1.65,0.745,1.17,1.195,3.74,,,"tail",191.75
"J87535","Anilios","leucoproctus",-9.947,142.196,"pointy","f","QM","87535","QM_J87535",0.037,218,8,4.315,3.06,2.385,2.005,1.27,2.08,1.56,1.15,1.58,1.385,4.7,,,"yes",226
"J87198","Anilios","leucoproctus",-10.18,142.27,"pointy","f","QM","87198","QM_J87198",0.03,160.5,5,2.765,1.965,1.96,1.385,0.99,1.25,1.41,0.905,1.09,0.975,3.95,,,"yes",165.5
"J379","Anilios","leucoproctus",-9.583,143.767,"pointy","f","QM","379","QM_J379",0.028,177.5,5,2.765,2.065,2.58,1.41,1.29,2.025,1.495,0.75,1.335,1.195,4.03,,,"yes",182.5
"J87172","Anilios","leucoproctus",-10.68,142.18,"pointy","m","QM","87172","QM_J87172",0.04,142.5,6,2.555,2.39,1.905,1.265,1.075,1.465,1.325,0.65,1.025,0.845,3.5,,,"yes",148.5
"J87547","Anilios","leucoproctus",-10.167,142.133,"pointy","f","QM","87547","QM_J87547",0.034,145,5,3.405,2.495,2.545,1.275,0.995,1.77,1.11,0.835,1.165,1.23,3.92,,,"yes",150
"J2953","Anilios","broomi",-17.32,145.22,"pointy","m","QM","2953","QM_J2953",0.02,186,4.5,2.95,2.295,2.185,1.3,1.115,1.76,1.65,0.935,1.225,1.115,3.92,,,"tail",190.5
"J87805","Anilios","broomi",-15.765,145.231,"pointy","m","QM","87805","QM_J87805",0.033,123,4,2.765,2.2,1.835,1.44,0.965,1.64,1.525,0.9,1.245,1.115,4.25,,,"tail",127
"J88156","Anilios","broomi",-19.26,143.7,"pointy","m","QM","88156","QM_J88156",0.03,159.5,4.75,2.755,2.07,2.03,1.41,1.165,1.645,1.445,0.885,1.31,1.065,3.59,,,"tail",164.25
"J2954","Anilios","broomi",-17.317,145.217,"pointy","f","QM","2954","QM_J2954",0.016,188,3,3.975,2.13,2.07,1.495,1.135,1.61,1.73,0.815,1.335,1.145,4.73,,,"yes",191
"J47503","Anilios","broomi",-17.32,145.22,"pointy","m","QM","47503","QM_J47503",0.03,114.5,3,2.5,2.14,1.8,1.57,1.03,1.385,1.425,0.85,1.395,1.02,3.71,,,"tail",117.5
"J85788","Anilios","broomi",-19.998,148.234,"pointy","f","QM","85788","QM_J85788",0.019,209.5,4,3.64,2.57,2.155,1.57,1.21,1.78,1.875,0.79,1.32,1.225,4.39,,,"tail",213.5
"J90500","Anilios","broomi",-17.14,144.52,"pointy","m","QM","90500","QM_J90500",0.03,137,4,2.685,2.39,2.015,1.43,1.11,1.6,1.3,0.85,1.16,0.98,3.97,,,"tail",141
"J67603","Anilios","broomi",-19.442,145.675,"pointy","m","QM","67603","QM_J67603",0.024,210,5,3.835,2.715,2.38,1.845,1.17,2.11,1.76,1.045,1.235,1.35,4.39,,,"yes",215
"J90499","Anilios","broomi",-17.14,144.52,"pointy","m","QM","90499","QM_J90499",0.03,190.5,5,2.835,1.865,2.165,1.275,1.12,1.77,1.635,0.985,1.1,1.085,4.5,,,"yes",195.5
"J20315","Anilios","broomi",-16.683,145.333,"pointy","m","QM","20315","QM_J20315",0.026,189,5,3.76,2.3,1.905,1.515,1.245,1.75,1.725,0.895,1.415,1.225,4.38,,,"yes",194
"J47254","Anilios","broomi",-15.47,145.25,"pointy","f","QM","47254","QM_J47254",0.02,148.5,3,2.63,1.78,2.02,1.22,0.875,1.525,1.4,0.69,1.03,0.955,3.89,,,"tail",151.5
"J46849","Anilios","broomi",-15.467,145.25,"pointy","m","QM","46849","QM_J46849",0.034,118.5,4,1.985,1.71,1.64,1.24,0.97,1.495,1.34,0.6,0.945,0.935,4.54,,,"yes",122.5
"J39843","Anilios","torresianus",-12.5,141.67,"pointy","f","QM","39843","QM_J39843",0.03,327,9,9.57,5.625,5.045,3.62,2.45,3.82,3.145,1.8,2.77,2.57,9.21,191,15,"yes",336
"J30838","Anilios","torresianus",-17.433,145.483,"pointy","m","QM","30838","QM_J30838",0.053,418,22,9.405,7.23,7.42,4.685,3.245,5.425,4.685,2.605,4.47,3.5,8.87,182,20,"yes",440
"J5700","Anilios","torresianus",-16.75,145.62,"pointy","m","QM","5700","QM_J5700",0.06,372,23,8.315,7.22,6.465,4.495,3.16,4.985,4.62,2.17,3.86,3.025,9.55,193,22,"yes",395
"J10885","Anilios","torresianus",-17.267,145.483,"pointy","m","QM","10885","QM_J10885",0.026,190.5,5,5.17,3.97,3.91,2.655,2.16,2.825,2.655,1.47,2,1.815,6.57,,,"yes",195.5
"J25566","Anilios","torresianus",-17.08,145.58,"pointy","f","QM","25566","QM_J25566",0.03,143.5,4.5,4.055,3.14,3.425,2.215,1.595,2.725,2.47,1.29,1.795,1.625,6.44,,,"yes",148
"J48213","Anilios","torresianus",-17.824,145.785,"pointy","m","QM","48213","QM_J48213",0.054,314,17,7.735,5.5,5.085,3.335,2.535,3.575,3.36,1.81,2.44,2.64,9.07,,,"yes",331
"J48248","Anilios","torresianus",-17.79,145.78,"pointy","f","QM","48248","QM_J48248",0.03,250.5,7,6.025,4.18,4.35,2.77,2.13,3.155,2.86,1.495,2.405,1.985,7.37,,,"yes",257.5
"J47248","Anilios","torresianus",-16.917,145.767,"pointy","f","QM","47248","QM_J47248",0.059,342.5,20,7.29,6.74,5.405,3.995,2.895,3.945,3.73,2.05,3.085,2.82,9.28,,,"yes",362.5
"J50852","Anilios","torresianus",-21.17,148.5,"pointy","f","QM","50852","QM_J50852",0.03,336,10.5,7.635,5.365,5.52,3.98,2.665,3.965,3.665,2.045,3.82,2.795,9.2,,,"yes",346.5
"J54031","Anilios","torresianus",-11.75,142.583,"pointy","m","QM","54031","QM_J54031",0.052,287.5,15,7.515,5.185,4.885,3.04,2.52,3.635,3.145,1.75,2.615,2.165,7.43,,,"yes",302.5
"J54041","Anilios","torresianus",-11.65,142.62,"pointy","f","QM","54041","QM_J54041",0.03,340.5,10,9.165,5.435,6.045,3.68,2.99,4.18,4.105,1.96,2.94,2.685,9.19,,,"yes",350.5
"J80559","Anilios","torresianus",-17.609,145.56,"pointy",,"QM","80559","QM_J80559",0.03,640,19,15.41,9.16,8.33,5.62,4.1,6.15,5.53,2.47,,4.07,13.66,205,17,,659
"J79900","Anilios","torresianus",-19.63,147.05,"pointy","m","QM","79900","QM_J79900",0.06,329.5,19.5,8.87,6.725,6.17,4.865,3.08,4.425,3.69,2.23,4.11,3.17,9.64,187,22,"yes",349
"J79868","Anilios","torresianus",-19.265,146.818,"pointy","m","QM","79868","QM_J79868",0.056,321.5,18,7.865,5.54,5.585,3.735,3.01,3.76,3.885,2.07,2.555,2.775,9.16,186,22,"yes",339.5
"J79947","Anilios","torresianus",-22.32,148.51,"pointy","f","QM","79947","QM_J79947",0.03,395.5,13,9.715,5.915,6.395,4.31,3.225,4.505,4.27,2.395,3.375,3.1,10.46,206,17,"yes",408.5
"J80562","Anilios","torresianus",-17.582,145.301,"pointy","f","QM","80562","QM_J80562",0.024,488.5,12,11.475,7.62,7.91,4.435,3.63,5.545,4.83,2.6,3.09,3.695,12.56,205,13,"yes",500.5
"J60625","Anilios","torresianus",-15.27,145.33,"pointy","f","QM","60625","QM_J60625",0.05,386,19,8.755,6.625,6.415,4.255,3.195,4.665,3.92,2.125,3.62,3.03,10.34,190,22,"yes",405
"J81278","Anilios","torresianus",-17.206,145.681,"pointy","f","QM","81278","QM_J81278",0.03,474,14,11.605,8.85,7.785,5.415,3.91,5.45,5.285,2.885,3.435,3.77,12.68,199,16,"yes",488
"J85794","Anilios","torresianus",-17.7,145.53,"pointy","f","QM","85794","QM_J85794",0.03,543.5,16,14.88,8.74,8.955,6.455,4.365,5.865,4.195,3.035,,4.125,12.77,195,15,"yes",559.5
"J87053","Anilios","torresianus",-15.793,145.233,"pointy","m","QM","87053","QM_J87053",0.057,350,19.5,8.16,6.43,5.48,3.395,2.78,4.135,3.315,1.985,2.57,2.61,9.35,192,20,"yes",369.5
"J60852","Anilios","silvia",-25.47,153.05,"pointy",,"QM","60852","QM_J60852",0.05,147,7,2.86,3.05,2.385,1.735,1.355,1.82,1.76,0.855,1.56,1.125,4.1,,,,154
"J77029","Anilios","silvia",-26.313,152.969,"pointy",,"QM","77029","QM_J77029",0.027,148,4,3.525,2.255,2.405,1.66,1.325,1.925,1.85,0.8,1.115,1.31,4.6,,,,152
"J85945","Anilios","silvia",-25.88,153.07,"pointy","f","QM","85945","QM_J85945",0.02,174,4.25,3.495,2.405,2.52,1.765,1.32,2.045,2.12,0.905,1.44,1.405,4.69,,,"yes",178.25
"J76833","Anilios","silvia",-26.424,153.026,"pointy",,"QM","76833","QM_J76833",0.029,104,3,2.63,1.895,2.01,1.47,0.905,1.52,1.31,0.815,0.895,0.975,4.12,,,,107
"J82203","Anilios","silvia",-26.59,152.98,"pointy",,"QM","82203","QM_J82203",0.02,169.5,4,3.9,2.82,3.065,2.03,1.51,2.33,1.825,1,1.55,1.545,4.85,,,,173.5
"J27386","Anilios","silvia",-25.967,153.117,"pointy","m","QM","27386","QM_J27386",0.043,141,6,3.855,3.335,2.625,2.11,1.31,1.945,1.905,0.945,1.245,1.375,4.28,,,"yes",147
"J23620","Anilios","silvia",-25.97,153.1,"pointy",,"QM","23620","QM_J23620",0.03,138,4,2.975,2.34,2.485,1.84,1.43,1.85,1.8,0.845,1.345,1.395,4.42,,,,142
"J35872","Anilios","silvia",-25.683,152.883,"pointy",,"QM","35872","QM_J35872",0.025,157,4,2.575,1.705,2.36,1.51,1.34,1.69,1.62,0.755,0.93,1.21,4.23,,,,161
"J31577","Anilios","silvia",-25.18,153.27,"pointy",,"QM","31577","QM_J31577",0.03,144.5,4.5,2.775,2.28,2.49,1.68,1.43,1.735,1.695,0.82,1.1,1.275,3.6,,,,149
"J46128","Anilios","silvia",-26.167,152.917,"pointy",,"QM","46128","QM_J46128",0.053,131,7,2.66,2.59,2.405,1.795,1.315,1.655,1.64,0.805,0.975,1.47,3.74,,,,138
"J31576","Anilios","silvia",-25.18,153.27,"pointy",,"QM","31576","QM_J31576",0.03,145,4,2.98,2.4,2.42,1.765,1.195,1.82,1.705,0.86,1.15,1.325,4.29,,,,149
"J8521","Anilios","silvia",-26.633,152.967,"pointy",,"QM","8521","QM_J8521",0.05,169.5,8.5,3.55,3.27,2.93,2.215,1.215,2.32,1.865,1.125,1.64,1.725,4.88,,,,178
"J31579","Anilios","silvia",-24.87,153.27,"pointy",,"QM","31579","QM_J31579",0.03,140,4,2.615,2.25,2.5,1.755,1.1,1.635,1.675,0.975,1.05,1.385,3.81,,,,144
"J43785","Anilios","silvia",-25.967,153.117,"pointy",,"QM","43785","QM_J43785",0.056,71,4,1.79,1.705,1.685,1.23,0.93,1.195,1.175,0.635,0.84,0.94,3.64,,,,75
"J27387","Anilios","silvia",-25.97,153.12,"pointy",,"QM","27387","QM_J27387",0.04,154,5.5,3.705,2.625,2.76,2.16,1.51,1.985,1.905,0.84,1.52,1.525,3.68,167,9,,159.5
"J63736","Anilios","robertsi",-15.833,145.233,"pointy",,"QM","63736","QM_J63736",0.016,277.5,4.75,4.505,2.845,2.945,2.85,1.41,2.09,1.845,1.155,1.925,1.805,5.33,283,8,,282.25
"J7","Anilios","aspina",-23.28,145.4,"no spine",,"QM","7","QM_J7",0.01,277.5,3,3.085,2.305,2.5,1.585,1.365,1.84,1.655,0.72,0.99,1.345,4.47,,,,280.5
"J51541","Anilios","aspina",-23.45,145.267,"no spine",,"QM","51541","QM_J51541",0.024,230,5.5,3.8,2.76,2.53,1.615,1.355,1.97,1.505,1.055,1.225,1.345,4.52,247,12,,235.5
"J54987","Anilios","insperatus",-27.82,152.62,"pointy",,"QM","54987","QM_J54987",0.03,93.7,2.9,2.665,1.965,1.88,1.605,1.035,1.68,1.625,0.805,0.975,1.2,3.8,,,,96.6
"J31963","Anilios","chamodracaena",-12.55,141.817,"pointy","m","QM","31963","QM_J31963",0.025,157,4,2.37,1.88,1.88,1.435,1.05,1.45,1.475,0.77,0.915,1.1,3.77,,,"yes",161
"J41550","Anilios","chamodracaena",-12.62,141.87,"pointy","juvenile","QM","41550","QM_J41550",0.03,106,3,1.645,1.47,1.67,1.23,0.69,1.125,1.275,0.725,0.68,0.88,1.04,,,,109
"J51980","Anilios","chamodracaena",-16.233,141.75,"pointy","f","QM","51980","QM_J51980",0.014,175.5,2.5,3.195,1.805,1.84,1.505,1.06,1.45,1.635,0.78,1.03,1.18,3.71,,,"tail",178
"J39673","Anilios","chamodracaena",-13.08,141.95,"pointy","f","QM","39673","QM_J39673",0.01,205,2.5,2.575,1.94,2.13,1.55,1.21,1.59,1.47,0.705,0.935,1.28,3.84,,,"tail",207.5
"J28082","Anilios","chamodracaena",-12.967,143.483,"pointy","f","QM","28082","QM_J28082",0.017,203,3.5,3.315,3.15,2.32,1.91,1.285,1.69,1.725,0.955,1.125,1.35,2.38,,,"tail",206.5
"J40233","Anilios","chamodracaena",-13.08,141.95,"pointy","f","QM","40233","QM_J40233",0.01,154.5,2,2.3,1.725,1.88,1.45,0.94,1.44,1.665,0.73,1.005,1.15,3.63,,,"tail",156.5
"J2943","Anilios","diversus",-26.417,147.117,"pointy","f","QM","2943","QM_J2943",0.02,195.5,4,3.205,2.11,2.335,1.69,1.15,1.795,1.755,1.085,1.16,1.205,4.61,,,"tail",199.5
"J76624","Anilios","wiedii",-26.58,148.77,"pointy","f","QM","76624","QM_J76624",0.02,238.5,4.25,3.86,2.32,2.45,1.85,1.22,1.63,1.68,0.935,1.225,1.36,4.73,,,"yes",242.75
"J27592","Anilios","wiedii",-27.467,153.017,"pointy","f","QM","27592","QM_J27592",0.024,253.5,6,4.09,3.01,2.775,2.245,1.68,2.13,2.195,1.34,1.89,1.895,5.36,,,"yes",259.5
"J84833","Anilios","wiedii",-27.47,152.85,"pointy","f","QM","84833","QM_J84833",0.02,202,3.5,3.61,2.705,2.445,1.675,1.36,1.93,1.725,0.89,1.295,1.36,4.59,197,15,"yes",205.5
"J25081","Anilios","wiedii",-28.033,151.983,"pointy","f","QM","25081","QM_J25081",0.019,214.5,4,4.085,2.805,2.685,1.975,1.585,1.99,2.015,1.04,1.49,1.375,3.51,,,"yes",218.5
"J23961","Anilios","wiedii",-27.28,153,"pointy","f","QM","23961","QM_J23961",0.02,259,5,4.89,3.485,3.32,2.755,1.63,2.505,2.175,1.29,2.01,2.135,5.42,,,"yes",264
"J43373","Anilios","wiedii",-24.133,149.8,"pointy","m","QM","43373","QM_J43373",0.035,285.5,7.5,3.475,2.885,2.375,2.065,1.325,1.79,1.9,1.075,1.515,1.425,4.95,211,11,"yes",293
"J69267","Anilios","wiedii",-23.75,151.12,"pointy","m","QM","69267","QM_J69267",0.04,206,8.5,3.88,2.925,2.7,1.66,1.48,1.965,1.98,1.195,1.34,1.445,4.58,,,"yes",214.5
"J68759","Anilios","wiedii",-22.915,149.829,"pointy","m","QM","68759","QM_J68759",0.038,159.5,6,3.765,2.58,2.4,1.52,1.355,1.815,1.94,0.945,1.08,1.185,4.07,,,"yes",165.5
"J9535","Anilios","wiedii",-30.98,150.25,"pointy","f","QM","9535","QM_J9535",0.01,284.5,3.5,4.65,3.84,3.3,2.17,1.655,2.405,2.47,1.33,1.44,1.79,5.67,214,12,"yes",288
"J7855","Anilios","wiedii",-27.183,151.25,"pointy","m","QM","7855","QM_J7855",0.034,205.75,7.25,4.245,2.845,2.7,1.82,1.385,1.92,2,1.005,1.125,1.565,5.16,,,"yes",213
"J3207","Anilios","wiedii",-24.87,152.35,"pointy","m","QM","3207","QM_J3207",0.04,200.5,8,3.065,2.915,2.515,1.7,1.4,1.765,1.83,1.145,1.265,1.455,5.02,,,"yes",208.5
"J7468","Anilios","wiedii",-27.183,151.25,"pointy","m","QM","7468","QM_J7468",0.041,196,8,3.375,3.175,2.565,1.755,1.43,1.92,1.83,1.185,1.36,1.455,4.17,,,"yes",204
"J85695","Anilios","yirrikalae",-18.7,138.49,"pointy","f","QM","85695","QM_J85695",0.02,315,5.25,5.455,4.26,3.845,3.375,2.605,2.74,3.57,1.89,2.19,2.39,7.93,210,20,"yes",320.25
"J84363","Anilios","proximus",-26.865,151.852,"pointy","f","QM","84363","QM_J84363",0.023,433,10,16.69,11.25,8.16,6.125,4.015,5.78,5.995,2.97,4.22,4.225,11.88,145,15,"yes",443
"J76618","Anilios","proximus",-24.96,148,"pointy","f","QM","76618","QM_J76618",0.02,219.5,4,7.14,4.175,4.36,2.98,2.42,3.2,3.455,1.57,2.175,2.175,7.47,,,"tail",223.5
"J87197","Anilios","proximus",-27.665,152.968,"pointy","f","QM","87197","QM_J87197",0.02,328.5,6.5,9.54,6.245,6.165,4.09,3.565,4.595,4.5,2.135,2.86,3.42,9.21,173,10,"yes",335
"J76616","Anilios","proximus",-24.8,147.89,"pointy","m","QM","76616","QM_J76616",0.04,234,9.75,8.615,6.5,5.335,3.69,2.675,3.535,3.825,1.705,2.76,2.56,8.38,,,"yes",243.75
"J77667","Anilios","proximus",-23.756,149.107,"pointy","f","QM","77667","QM_J77667",0.026,353,9,11.645,7.35,7.35,4.665,4.035,5.02,5.22,2.69,3.635,3.705,11.47,169,13,"yes",362
"J76615","Anilios","proximus",-24.8,147.89,"pointy","f","QM","76615","QM_J76615",0.02,245,4,8.19,5.37,6.02,4.03,3.36,4.27,4.095,1.95,2.395,3.05,8.41,,,"yes",249
"J62483","Anilios","proximus",-26.391,153.817,"pointy","m","QM","62483","QM_J62483",0.048,219,10.5,7.735,6.41,5.74,3.745,3.39,4.005,4.62,2.16,2.515,2.165,9.33,169,10,"yes",229.5
"J62482","Anilios","proximus",-26.39,153.82,"pointy","f","QM","62482","QM_J62482",0.03,358,9,9.13,5.715,6.29,4.4,3.745,4.695,5.035,2.515,2.385,3.57,10.93,173,13,"yes",367
"J69357","Anilios","proximus",-25.057,148.213,"pointy","f","QM","69357","QM_J69357",0.024,414,10,13.645,9.37,8.535,6.065,3.755,5.95,5.295,2.83,4.185,4.305,11.82,171,14,"yes",424
"J89808","Anilios","proximus",-27.09,150.66,"pointy","m","QM","89808","QM_J89808",0.04,172,6,4.81,4.02,3.655,2.67,1.94,2.63,2.48,1.475,1.615,1.95,7.07,,,"yes",178
"J81309","Anilios","ligatusE",-19.854,147.025,"pointy","m","QM","81309","QM_J81309",0.046,217,10,7.795,5.445,5.015,3.17,2.34,3.3,3.085,1.55,1.955,2.21,9.16,144,15,"tail",227
"J89804","Anilios","ligatusE",-26.94,150.38,"pointy","m","QM","89804","QM_J89804",0.04,211,9.5,8.635,6.22,4.99,3.86,2.6,3.305,3.585,1.84,3.855,2.5,10.93,141,18,"tail",220.5
"J87267","Anilios","ligatusE",-16.591,145.198,"pointy","m","QM","87267","QM_J87267",0.05,240,12,7.87,6.055,6.02,4.005,2.94,4.165,3.89,1.85,3.37,2.98,8.74,153,11,"yes",252
"J81321","Anilios","ligatusE",-21.08,147.79,"pointy","female?","QM","81321","QM_J81321",0.03,254,8.5,10.165,5.88,6.49,4.17,3.045,4.365,3.835,1.94,3.315,2.625,10.66,151,13,"tail",262.5
"J89565","Anilios","ligatusE",-27.669,152.516,"pointy","f","QM","89565","QM_J89565",0.032,278.25,9,8.42,6.23,6.52,4.375,3.32,4.495,4.105,1.925,3.765,2.955,11.3,148,13,"tail",287.25
"J85319","Anilios","unguirostris",-21.77,147.92,"pointy","f","QM","85319","QM_J85319",0.02,281,5,5.84,3.79,3.77,2.78,2.505,2.935,3.63,2.045,1.735,2.09,5.96,180,9,"tail",286
"J76932","Anilios","unguirostris",-22.717,147.522,"pointy","f","QM","76932","QM_J76932",0.015,338,5,8.43,5.26,5.015,3.415,2.67,3.1,4.08,2.505,2.735,2.585,8.28,200,11,"tail",343
"J88951","Anilios","unguirostris",-16.66,139.18,"pointy","m","QM","88951","QM_J88951",0.03,318.5,8,5.835,5.02,4.115,3.11,2.205,2.565,3.56,1.945,2.36,2.1,7.53,204,10,"yes",326.5
"J96911","Anilios","unguirostris",-23.233,150.699,"pointy","f","QM","96911","QM_J96911",0.014,294,4,6.34,3.165,3.97,2.935,2.745,2.685,3.965,2.12,1.715,2.195,7.78,209,10,"tail",298
"R.148795","Anilios","proximus",-17.38,145.38,"pointy","f","AM","148795","AM_R.148795",0.02,481,11,12.69,9.53,7.83,5.2,4.16,5.715,6.36,2.97,3.42,4.255,12.116,187,13,"yes",492
"R.12125","Anilios","pinguis",-34.03,117.63,"pointy","f","AM","12125","AM_R.12125",0.03,427,11,17.815,9.065,9.275,6.37,4.335,6.53,6.75,3.155,3.53,4.26,13.462,151,11,"yes",438
"R.41163","Anilios","ligatusE",-30.75,148.67,"pointy","f","AM","41163","AM_R.41163",0.03,350,10,16.32,9.55,9,7.76,3.665,5.61,4.73,2.88,5.845,4.475,11.336,155,14,"yes",360
"R.63835","Anilios","ligatusE",-18.2,144.78,"pointy","f","AM","63835","AM_R.63835",0.03,386,12,15.835,9.965,8.325,6.785,4.23,5.62,5.715,2.99,4.42,4.22,12.799,155,13,"yes",398
"R.118650","Anilios","proximus",-34.55,146.4,"pointy","f","AM","118650","AM_R.118650",0.02,359.5,7,11.785,8.54,7.175,5.965,3.77,4.955,5.89,2.51,4.14,3.755,10.882,168,11,"yes",366.5
"R.174275","Anilios","proximus",-30.77,149.758,"pointy","m","AM","174275","AM_R.174275",0.04,289.5,13,11.17,9.1,6.455,5.095,3.58,4.685,5.425,2.58,3.365,3.345,10.996,154,17,"yes",302.5
"R.27306","Anilios","pinguis",-33.53,118.5,"pointy","f","AM","27306","AM_R.27306",0.04,284.5,11.75,14.23,9.415,7.835,6.26,4.135,5.52,6.14,2.715,4.305,3.725,11.93,143,13,"yes",296.25
"R.163332","Anilios","proximus",-35.11,147.299,"pointy","f","AM","163332","AM_R.163332",0.02,299.5,6.25,8.39,5.235,5.77,4.115,2.805,3.69,4.685,2.305,3.235,3.235,8.821,166,13,"yes",305.75
"R.16743","Anilios","ligatusE",-28.98,149,"pointy","m","AM","16743","AM_R.16743",0.05,220.5,10.5,9.215,5.925,5.65,4.445,2.93,4.065,3.385,1.66,2.955,2.605,9.153,139,17,"tail",231
"R.161717","Anilios","proximus",-30.36,150.911,"pointy","m","AM","161717","AM_R.161717",0.02,295,6.5,10.205,7.46,6.235,4.35,3.165,4.66,5.095,2.375,3.135,3.255,,,,"yes",301.5
"R.129327","Anilios","wiedii",-30.75,150.72,"pointy","m","AM","129327","AM_R.129327",0.04,184.5,7.25,3.11,2.5,2.35,1.915,1.33,1.735,1.765,0.875,1.32,1.4,4.571,198,18,"yes",191.75
"R.17863","Anilios","wiedii",-33.38,148.02,"pointy","m","AM","17863","AM_R.17863",0.04,177,6.5,3.71,2.835,2.425,1.96,1.33,1.835,1.59,1.005,1.27,1.445,4.481,205,15,"yes",183.5
"R.123430","Anilios","proximus",-33.05,148.28,"pointy","m","AM","123430","AM_R.123430",0.04,234.5,10,6.71,6.02,4.99,3.735,2.83,3.585,4.2,1.975,2.725,2.685,8.806,155,16,"yes",244.5
"R.15661","Anilios","wiedii",-31.43,149.6,"pointy","f","AM","15661","AM_R.15661",0.02,232.5,4.75,4.725,3.325,3.09,2.445,1.56,2.35,2.2,1.36,1.39,1.78,5.58,209,13,"yes",237.25
"R.175581","Anilios","wiedii",-31.43,143.88,"pointy","m","AM","175581","AM_R.175581",0.02,282,7,4.43,2.96,3.06,2.295,1.665,2,2.27,1.185,1.48,1.63,5.892,215,15,"yes",289
"R.71171","Anilios","wiedii",-31.35,150.65,"pointy","m","AM","71171","AM_R.71171",0.04,200,8,3.87,3.15,2.57,1.95,1.435,1.765,1.87,1.08,1.35,1.4,5.239,196,18,"yes",208
"R.130480","Anilios","wiedii",-29.72,152.93,"pointy","m","AM","130480","AM_R.130480",0.03,287,8,5.015,3.725,3.06,2.66,1.46,1.95,2.135,1.35,1.755,1.67,5.659,,,"yes",295
"R.127956","Anilios","troglodytes",-16.53,145.13,"pointy","u","AM","127956","AM_R.127956",0.02,204,5,3.62,3.07,2.95,2.67,1.405,2.3,1.605,1.445,1.705,1.645,7.676,190,13,,209
"R.40107","Anilios","wiedii",-32.05,150.87,"pointy","f","AM","40107","AM_R.40107",0.02,247,5,3.755,2.68,2.895,2.025,1.48,1.905,2.15,1.345,1.35,1.74,5.621,212,14,"yes",252
"R.32740","Anilios","wiedii",-31.65,148.45,"pointy","f","AM","32740","AM_R.32740",0.02,229,5,3.765,3.1,2.68,1.79,1.45,2.03,2.04,1.225,1.31,1.6,5.129,208,14,"yes",234
"R.8515","Anilios","troglodytes",-23.37,150.53,"pointy","f","AM","8515","AM_R.8515",0.02,211.25,5,3.925,2.835,2.475,1.895,1.33,1.79,1.975,0.995,1.265,1.295,5.349,202,15,"yes",216.25
"R.40918","Anilios","minimus",-12,135.67,,,"AM","40918","AM_R.40918",0.02,173.5,4,3.12,2.185,,,,,,,,,,272,12,,177.5
"R.71301","Anilios","minimus",-13.97,136.45,"pointy","j","AM","71301","AM_R.71301",0.01,113,1.5,1.89,1.345,1.43,1.07,0.745,0.965,1.005,0.565,0.575,0.765,3.676,247,12,,114.5
"R.5333","Anilios","affinis",-25.37,151.12,"pointy","f","AM","5333","AM_R.5333",0.01,213,3,3.855,2.89,2.77,1.92,1.685,2.365,1.405,1.66,1.575,1.435,5.043,231,13,"yes",216
"R.135419","Anilios","affinis",-29.1,146.27,"pointy","f","AM","135419","AM_R.135419",0.02,266,5,4.405,3.095,2.71,1.99,1.43,2.18,2.655,1.275,1.515,1.575,4.857,232,13,"tail",271
"R.87755","Anilios","centralis",-23.7,133.82,"pointy","f","AM","87755","AM_R.87755",0.02,290,4.5,5.775,3.45,3.3,2.235,1.31,2.56,3.14,1.91,1.915,1.965,5.627,231,13,"tail",294.5
"R.6586","Anilios","wiedii",-33.47,144.98,"pointy","f","AM","6586","AM_R.6586",0.02,257.5,4,3.72,3.09,2.64,1.97,1.505,1.955,1.825,1.19,1.465,1.38,5.316,207,12,"yes",261.5
"R.128000","Anilios","troglodytes",-16.53,145.13,"pointy",,"AM","128000","AM_R.128000",0.04,199,8,4.285,2.87,2.92,1.91,1.525,2.175,1.815,0.83,1.595,1.31,6.252,,,,207
"R.145498","Anilios","wiedii",-33.38,148.02,"pointy","m","AM","145498","AM_R.145498",0.04,198,7,3.45,3,2.63,1.735,1.335,1.865,1.74,0.98,1.49,1.27,4.996,198,21,"tail",205
"R.142984","Anilios","affinis",-29.343,146.231,"pointy","m","AM","142984","AM_R.142984",0.03,248.5,7,3.575,3.1,2.585,1.84,1.515,1.89,2.515,1.205,1.575,1.51,5.096,224,13,"tail",255.5
"R.97853","Anilios","leucoproctus",-12.75,143.22,"pointy","f","AM","97853","AM_R.97853",0.03,116.5,3,2.615,1.505,1.93,1.24,1.11,1.515,1.27,0.785,0.77,1.03,3.735,206,11,"tail",119.5
"R.59060","Anilios","leucoproctus",-10.12,142.12,"pointy","m","AM","59060","AM_R.59060",0.03,93.5,3,2.145,1.845,1.555,1.295,0.815,1.18,1.115,0.905,0.9,0.915,3.809,201,13,"tail",96.5
"R.145499","Anilios","wiedii",-33.38,148.02,"pointy","f","AM","145499","AM_R.145499",0.02,268,5,4.025,3.335,2.92,2.025,1.42,2.225,2.015,1.155,1.495,1.575,5.844,211,13,"tail",273
"R.17041","Anilios","broomi",-16.97,145.53,"pointy","m","AM","17041","AM_R.17041",0.03,166,4.5,2.925,1.93,2.115,1.62,1.035,1.45,1.56,0.815,1.155,1.14,4.258,223,13,"tail",170.5
"R.178142","Anilios","centralis",-23.81,133.49,"pointy","f","AM","178142","AM_R.178142",0.03,228.5,6,3.785,3.46,3.18,2.21,1.835,2.22,2.76,1.415,1.53,1.72,5.726,216,17,"tail",234.5
"R.16759","Anilios","affinis",-28.98,149,"pointy","m","AM","16759","AM_R.16759",0.03,221,6,3.37,3.09,2.28,1.61,1.42,1.835,2.15,1.235,1.22,1.36,4.893,223,17,"yes",227
"R.58961","Anilios","leucoproctus",-10.12,142.12,"pointy","f","AM","58961","AM_R.58961",0.03,105.5,3,2.175,1.53,1.6,1.28,0.85,1.295,1.065,0.74,0.69,0.985,3.353,206,11,,108.5
"R.128848","Anilios","broomi",-17.73,145.27,"pointy","f","AM","128848","AM_R.128848",0.02,186,3,2.985,2.145,2.28,1.82,1.18,1.7,1.59,1.04,1.335,1.23,4.448,234,12,"yes",189
"R.12889","Anilios","yirrikalae",-14.47,132.27,"pointy",,"AM","12889","AM_R.12889",0.01,133.5,2,2.77,1.545,2.505,1.8,1.62,1.645,2.265,1.255,1.105,1.43,5.786,,,,135.5
"R.48541","Anilios","leucoproctus",-9.42,142.53,"pointy","m","AM","48541","AM_R.48541",0.03,148,5,3.53,2.27,2.845,,,,,,,,,,,"tail",153
"R.4537","Anilios","leucoproctus",-10.75,142.58,"pointy","m","AM","4537","AM_R.4537",0.03,145,5,2.515,2.225,2.035,1.505,1.015,1.655,1.445,0.805,0.955,1.07,4.197,194,14,"tail",150
"R.2202","Acutotyphlops","subocularis",-4.166,152.466,,,"AM","2202","AM_R.2202",,342.7,17.3,12.1,11.5,9,6.5,4.45,6.9,5.75,1.95,6.7,3.48,,,,,360
"R.42756","Anilios","batillus",-35.132,147.434,,"f","AM","42756","AM_R.42756",,313,7,6,5,4.6,3.72,2.285,2.6,3.35,1.78,3.4,2.5,,,,"yes",320
"R45005","Anilios","grypusET",-26.08,140.9,"round to point","f","SAM","45005","SAM_R45005",0.01,305,4,3.5,2.05,2.68,1.93,1.64,2.36,3.02,1.14,1.39,1.53,5.176,268,13,"yes",309
"R47762","Ramphotyphlops","acuticauda",7.367,134.55,"taper to a point, pointy spur","f","SAM","47762","SAM_R47762",0.03,231,7,4.01,2.42,3.2,2.21,2.17,2.71,2.41,1.38,2.09,1.47,6.193,195,12,"yes",238
"R48029","Ramphotyphlops","acuticauda",7.62,134.64,"taper to a point, pointy spur","m","SAM","48029","SAM_R48029",0.04,208,8,3.97,2.38,2.91,2.08,1.58,2.26,1.83,1.24,1.54,1.38,6.006,187,16,"yes",216
"R3565","Anilios","affinis",-19.6,146.83,"round to point, no spur","f","SAM","3565","SAM_R3565",0.014,222,3,2.68,2.03,2.37,1.77,1.61,2.03,2.04,1.07,1.18,1.37,4.195,238,9,"yes",225
"R55645","Anilios","affinis",-23.63,149.2,"round to point, no spur","m","SAM","55645","SAM_R55645",0.03,110,3,2.02,1.56,1.79,1.53,1.18,1.57,1.48,0.69,0.58,0.92,3.15,221,12,"tail",113
"R926A","Anilios","australis",-32.12,115.83,"round to point","f","SAM","926A","SAM_R926A",0.03,230,7,5.06,3.32,4.13,2.89,2.44,3.07,3.87,1.75,2.38,1.99,7.434,157,14,"yes",237
"R22906","Anilios","australis",-33.72,121.37,"round to point","j","SAM","22906","SAM_R22906",0.03,143,4,3.04,2.56,2.65,2.02,1.25,2.37,1.91,1.19,1.31,1.57,4.933,164,8,,147
"R26901","Anilios","australis",-31.75,115.78,"round to point","m","SAM","26901","SAM_R26901",0.044,225,10,4.06,3.02,3.52,2.88,1.93,2.74,3.03,1.57,1.82,2.01,6.676,145,16,"yes",235
"R926B","Anilios","australis",-32.12,115.83,"round to point","m","SAM","926B","SAM_R926B",0.04,182,8,4.1,3.94,3.47,2.69,2.16,2.45,3.11,1.55,1.96,1.81,6.482,150,15,"yes",190
"R860","Anilios","bicolor",-34.93,138.68,"sharp pointy","f","SAM","860","SAM_R860",0.028,289,8,11.41,7.06,7.17,5.33,3.66,5.47,5.75,2.59,4.43,3.49,8.649,156,12,"yes",297
"R1796","Anilios","bicolor",-36.37,140.7,"sharp pointy","f","SAM","1796","SAM_R1796",0.03,390,13,15.16,5.04,9.75,6.72,4.97,8.57,8.02,5.88,4.1,5.11,,,,"yes",403
"R3720","Anilios","bicolor",-34.43,135.93,"sharp pointy","f","SAM","3720","SAM_R3720",0.025,395,10,12.85,7.51,7.92,6.16,4.44,6.54,7.48,3.23,4.51,4.1,12.653,170,12,"yes",405
"R6200","Anilios","bicolor",-34.67,138.88,"sharp pointy","f","SAM","6200","SAM_R6200",0.03,353,12,8.36,6.61,7.92,5.75,4.2,6.66,6.25,3.37,3.8,4.5,,,,"yes",365
"R43160","Anilios","bicolor",-34.57,139.6,"sharp pointy","f","SAM","43160","SAM_R43160",0.027,334,9,11.55,7.76,6.53,4.65,3.68,5.21,5.23,2.66,2.68,3.32,10.193,162,13,"yes",343
"R55342","Anilios","bicolor",-33.72,139.98,"sharp pointy","f","SAM","55342","SAM_R55342",0.03,255,8,5.62,4.05,5.04,3.66,2.72,4.08,4.43,2.08,2.33,2.54,8.689,167,13,"yes",263
"R63435","Anilios","bicolor",-31.481,131.496,"sharp pointy","f","SAM","63435","SAM_R63435",0.027,226,6,7.19,4.53,5.17,3.58,2.76,3.92,4.77,2.38,2.41,2.85,8.634,166,13,"yes",232
"R63472","Anilios","bicolor",-30.17,139.33,"sharp pointy","f","SAM","63472","SAM_R63472",0.03,312,10,5.19,4.75,6.03,4.34,3.41,5.17,5.57,2.91,2.83,3.54,10.436,173,13,"yes",322
"R71415","Anilios","bicolor",-33.206,136.193,"sharp pointy","f","SAM","71415","SAM_R71415",0.022,322,7,8.19,5.09,6.07,4.66,3.52,4.51,5.4,2.49,3.88,3.14,9.695,172,12,"yes",329
"R2750","Anilios","bicolor",-35.02,138.6,"sharp pointy","m","SAM","2750","SAM_R2750",0.04,339,13,9,5.78,5.97,4.51,3.06,4.82,5.05,2.28,3.57,3.36,9.506,145,18,"yes",352
"R5832","Anilios","bicolor",-35.03,138.6,"sharp pointy","m","SAM","5832","SAM_R5832",0.041,290,12,8.62,5.96,6.26,4.82,3.22,4.87,5.52,2.82,3.56,3.48,9.614,152,15,"yes",302
"R16182","Anilios","bicolor",-35.58,140.52,"sharp pointy","m","SAM","16182","SAM_R16182",0.06,201,11,6.19,5.12,5.1,3.8,3.11,3.91,4.25,2.18,2.75,2.79,8.411,150,16,"yes",212
"R12796","Anilios","bituberculatus",-34.37,136.13,"round to point, no spur","f","SAM","12796","SAM_R12796",0.017,345,6,8.66,4.59,4.49,2.76,1.8,3.07,3.76,2.19,2.11,2.22,,,,"yes",351
"R20806","Anilios","bituberculatus",-32.85,135.95,"round to point, no spur","f","SAM","20806","SAM_R20806",0.03,242,6,3.72,2.75,3.18,2.34,1.63,2.49,2.78,1.58,1.51,1.55,5.171,211,13,"yes",248
"R28597","Anilios","bituberculatus",-32.48,135.37,"round to point, no spur","f","SAM","28597","SAM_R28597",0.019,264,5,4.03,2.9,3.08,2.08,1.69,2.69,3.16,1.68,1.41,1.73,5.537,220,13,"yes",269
"R40019","Anilios","bituberculatus",-27.18,140.15,"round to point, no spur","f","SAM","40019","SAM_R40019",0.01,364,5,5.06,3.43,3.56,2.72,1.84,2.85,3.78,2.09,1.66,2.01,6.691,269,14,"yes",369
"R44731","Anilios","bituberculatus",-27.556,134.425,"round to point, no spur","f","SAM","44731","SAM_R44731",0.015,261,4,3.79,2.4,2.87,2.03,1.75,2.47,3.06,1.5,1.36,1.41,5.345,239,14,"yes",265
"R44841","Anilios","bituberculatus",-26.25,131.79,"round to point, no spur","f","SAM","44841","SAM_R44841",0.02,256,4,2.98,2.25,2.79,2.19,1.54,2.55,2.37,1.64,1.32,1.4,5.081,250,12,"yes",260
"R59212","Anilios","bituberculatus",-34.013,138.085,"round to point, no spur","f","SAM","59212","SAM_R59212",0.019,363,7,5.61,3.88,4.1,2.86,1.9,3.37,3.53,2.2,1.76,2.02,6.445,214,12,"yes",370
"R63990","Anilios","bituberculatus",-32.72,137.9,"round to point, no spur","f","SAM","63990","SAM_R63990",0.02,258,5,4.19,2.69,3.04,2.07,1.55,2.68,2.52,1.63,1.21,1.13,5.427,220,12,"yes",263
"R70271","Anilios","bituberculatus",-29.889,133.583,"round to point, no spur","f","SAM","70271","SAM_R70271",0.016,376,6,6.86,3.56,3.86,2.62,2.3,3.1,3.43,2.08,1.77,1.93,6.174,235,13,"yes",382
"R9214","Anilios","bituberculatus",-33.67,135.47,"round to point, no spur","m","SAM","9214","SAM_R9214",0.03,217,6,4.04,3.03,3.06,2.1,1.42,2.44,2.82,1.8,1.46,1.61,5.08,202,13,"yes",223
"R24765","Anilios","bituberculatus",-28.17,140.18,"round to point, no spur","m","SAM","24765","SAM_R24765",0.024,339,8,4.87,2.93,3.48,2.54,2.16,2.86,3.15,1.88,1.69,1.84,5.927,242,14,"yes",347
"R39658","Anilios","bituberculatus",-35.76,139.99,"round to point, no spur","m","SAM","39658","SAM_R39658",0.03,216,6,4.14,3.04,2.95,2.37,2.02,2.58,2.74,1.44,1.5,1.22,5.646,208,13,"yes",222
"R46448","Anilios","bituberculatus",-29.183,136.597,"round to point, no spur","m","SAM","46448","SAM_R46448",0.022,226,5,2.55,1.93,2.57,1.87,1.48,2.06,2.47,1.24,1.16,1.22,5.206,228,13,"yes",231
"R67340","Anilios","bituberculatus",-31.31,134.79,"round to point, no spur","m","SAM","67340","SAM_R67340",0.02,273,6,4.54,2.88,3.29,2.39,2.04,2.68,3.1,1.86,1.51,1.73,,,,"yes",279
"R10174","Anilios","bituberculatus",-33.87,136,"round to point, no spur","u","SAM","10174","SAM_R10174",0.015,267,4,4.16,3.64,3.66,2.67,1.9,2.71,3.43,2.11,1.52,2.18,,,,,271
"R851","Anilios","broomi",-16.92,145.77,"round to point, no spur","u","SAM","851","SAM_R851",0.02,102,2,1.87,1.11,1.04,1.37,0.73,1.69,1.32,0.74,0.85,1.05,,,,,104
"R2175","Anilios","nigrescens",-27.97,153.18,"taper to a point, pointy spur","m","SAM","2175","SAM_R2175",0.054,389,21,6.63,8.14,5.23,3.6,2.89,2.29,4.06,1.96,2.81,2.68,8.968,0,23,"yes",410
"R14158","Anilios","centralis",-23.7,133.87,"tapers to a point, small spur","f","SAM","14158","SAM_R14158",0.02,284,5,2.42,2.75,2.77,2.09,1.72,2.48,2.78,1.39,1.42,1.54,5.427,226,12,"yes",289
"R48409","Anilios","centralis",-28.199,134.707,"tapers to a point, small spur","f","SAM","48409","SAM_R48409",0.028,290,8,4.44,3.66,3.04,2.4,1.61,2.51,3.11,1.46,1.7,1.63,5.509,231,16,"yes",298
"R51254","Anilios","centralis",-27,133.47,"tapers to a point, small spur","f","SAM","51254","SAM_R51254",0.02,245,4,3.39,2.82,2.73,2.1,1.45,2.42,2.82,1.24,1.05,1.48,4.929,248,13,"yes",249
"R52863","Anilios","centralis",-26.487,134.042,"tapers to a point, small spur","f","SAM","52863","SAM_R52863",0.014,289,4,5.04,2.92,2.99,2.25,1.72,2.3,2.87,1.21,1.37,1.71,5.12,235,11,"yes",293
"R56511","Anilios","centralis",-26.99,133.41,"tapers to a point, small spur","f","SAM","56511","SAM_R56511",0.01,305,4,4.35,3.09,2.18,1.87,2.69,3.12,3.04,1.55,1.36,1.8,5.589,250,13,"yes",309
"R3809","Anilios","centralis",-23.7,133.87,"tapers to a point, small spur","m","SAM","3809","SAM_R3809",0.02,205,4,2.52,2.19,2.55,2.03,1.44,2.23,2.46,1.19,1.45,1.34,4.878,229,12,"yes",209
"R51244","Anilios","centralis",-27.02,133.47,"tapers to a point, small spur","m","SAM","51244","SAM_R51244",0.03,284,7,4.27,3.57,3.06,2.35,2.19,2.83,3.2,1.33,1.65,1.62,5.58,224,15,"yes",291
"R40480","Anilios","centralis",-26.42,135.4,"tapers to a point, small spur","u","SAM","40480","SAM_R40480",0.027,256,7,3.58,2.66,2.58,1.83,1.44,2.08,2.61,1.33,1,1.46,4.937,214,12,,263
"R932","Ramphotyphlops","depressus",,,"cone shape, taper to a point","f","SAM","932","SAM_R932",0.04,178,8,3.39,2.84,2.99,2.14,1.68,2.42,2.57,1.06,1.92,1.41,5.192,211,19,"yes",186
"R60242","Ramphotyphlops","depressus",-5.371,152.111,"cone shape, taper to a point","f","SAM","60242","SAM_R60242",0.043,235,10,4.67,3.17,3.63,2.24,2.23,3.07,2.62,1.35,2.04,1.87,6.594,190,16,"yes",245
"R934","Ramphotyphlops","depressus",,,"cone shape, taper to a point","m","SAM","934","SAM_R934",0.06,179,10,3.78,2.83,3.45,2.37,1.73,2.9,2.3,1.22,1.5,1.73,5.553,194,19,"yes",189
"R1353","Anilios","diversus",-17.97,122.23,"round, spur facing down","f","SAM","1353","SAM_R1353",0.021,195,4,2.39,1.56,2.02,1.49,1.45,1.95,1.81,1.06,1.33,1.08,,,,"yes",199
"R51126","Anilios","diversus",-15.77,128.73,"round, spur facing down","f","SAM","51126","SAM_R51126",0.01,243,3,3.99,2.27,2.7,1.79,1.59,2,2.24,1.27,1.44,1.33,5.134,209,12,"yes",246
"R925","Anilios","diversus",-17.97,122.23,"round, spur facing down","m","SAM","925","SAM_R925",0.031,192,6,3.13,2.04,2.55,1.92,1.31,2.09,1.93,1.13,1.57,1.41,5.289,186,17,"yes",198
"R55325","Anilios","diversus",-21.91,140.01,"round, spur facing down","u","SAM","55325","SAM_R55325",0.02,183,3,2.43,1.28,2.11,1.15,1.38,1.61,1.44,0.5,0.59,0.86,,,,,186
"R26684","Anilios","endoterus",-29.358,134.47,"round to point, no spur","f","SAM","26684","SAM_R26684",0.019,263,5,3.76,2.65,3.32,2.7,2.4,2.82,3.11,1.44,1.49,1.58,5.768,214,12,"yes",268
"R44676","Anilios","endoterus",-27.32,133.3,"round to point, no spur","f","SAM","44676","SAM_R44676",0.02,292,6,3.68,3.16,3.47,2.9,2.06,3.1,3.57,1.65,1.56,1.8,6.327,213,13,"yes",298
"R45295","Anilios","endoterus",-30.823,135.822,"round to point, no spur","f","SAM","45295","SAM_R45295",0.016,243,4,4.21,2.7,3.46,2.3,1.36,2.58,3.05,1.49,1.43,1.69,6.169,209,13,"yes",247
"R45442","Anilios","endoterus",-26.95,131.44,"round to point, no spur","f","SAM","45442","SAM_R45442",0.02,314,5,5.47,3.45,3.91,2.76,1.64,3.37,3.29,1.59,1.96,1.75,6.166,218,12,"yes",319
"R50991","Anilios","endoterus",-27.423,140.229,"round to point, no spur","f","SAM","50991","SAM_R50991",0.015,330,5,5.02,3.37,4.4,3.19,2.28,3.25,3.71,2,1.6,2.16,7.341,212,12,"yes",335
"R51038","Anilios","endoterus",-27.29,140.29,"round to point, no spur","f","SAM","51038","SAM_R51038",0.03,263,9,3.44,2.78,3.22,2.18,1.83,2.83,2.89,1.59,1.43,1.63,5.27,245,15,"yes",272
"R65617","Anilios","endoterus",-30.617,135.612,"round to point, no spur","f","SAM","65617","SAM_R65617",0.017,293,5,5.02,3.97,2.8,2.09,3.45,3.12,3.19,1.74,1.63,1.85,5.756,215,11,"yes",298
"R66587","Anilios","endoterus",-30.3,138.02,"round to point, no spur","f","SAM","66587","SAM_R66587",0.02,291,5,5.15,2.7,3.78,2.57,2.04,3.38,3.6,1.7,1.16,1.76,7.16,211,14,"yes",296
"R70802","Anilios","endoterus",-28.815,129.549,"round to point, no spur","f","SAM","70802","SAM_R70802",0.019,258,5,4.18,3.4,3.7,2.56,1.96,2.41,3.45,1.71,1.61,1.62,6.122,203,13,"yes",263
"R20864","Anilios","endoterus",-30.45,136.88,"round to point, no spur","m","SAM","20864","SAM_R20864",0.03,250,8,3.54,2.84,3.06,2.52,1.41,2.42,2.72,1.15,1.3,1.33,5.669,211,19,"yes",258
"R58079","Anilios","endoterus",-28.399,134.088,"round to point, no spur","m","SAM","58079","SAM_R58079",0.016,308,5,5.34,3.48,3.95,2.48,1.96,2.85,3.5,1.85,1.35,1.71,6.946,215,13,"yes",313
"R4639","Anilios","grypusW",-21.32,117.22,"round to point","f","SAM","4639","SAM_R4639",0.02,292,6,3.62,1.92,2.12,1.49,1.44,1.85,2.23,1.08,1.15,1.22,4.655,317,14,"yes",298
"R19007","Anilios","grypusET",-25.9,139.35,"round to point","f","SAM","19007","SAM_R19007",0.014,276,4,2.81,1.72,2.23,1.76,1.41,1.86,2.36,0.9,1.15,1.29,4.332,283,14,"yes",280
"R55272","Anilios","grypusET",-21.9,140,"round to point","m","SAM","55272","SAM_R55272",0.02,237,5,2.36,2,2.19,1.51,1.09,1.76,2.03,1.03,1.03,1.06,3.753,274,13,"yes",242
"R55460","Anilios","grypusET",-26.25,139.236,"round to point","m","SAM","55460","SAM_R55460",0.021,239,5,2.27,1.71,2.03,1.37,1.05,1.72,2.08,0.69,0.83,0.99,4.168,272,14,"yes",244
"R14026","Anilios","guentheri",-17.85,129.63,"round to point, small spur","f","SAM","14026","SAM_R14026",0.02,247,4,2.47,1.42,2.09,1.25,1.28,1.76,1.67,0.83,0.94,1.02,4.515,284,11,"yes",251
"R20439","Anilios","guentheri",-15.47,128.1,"round to point, small spur","f","SAM","20439","SAM_R20439",0.012,245,3,2.14,1.34,1.83,1.28,1.07,1.84,1.91,0.81,0.96,1.21,,,,"yes",248
"R53885","Anilios","guentheri",-17.83,125.37,"round to point, small spur","m","SAM","53885","SAM_R53885",0.02,258,5,2.85,2.24,2.33,1.67,1.19,1.9,1.8,0.9,1.18,1.26,4.57,293,14,"yes",263
"R29495","Anilios","hamatus",-28.62,121.53,"round to point, small spur","m","SAM","29495","SAM_R29495",0.041,270,11,5.42,4.33,4.09,2.91,2.13,3.13,4.29,1.91,2.19,2.02,7.377,174,15,"yes",281
"R50","Anilios","ligatusE",-27.47,152.58,"taper to a point, pointy spur","f","SAM","50","SAM_R50",0.03,290,9,8.82,5.01,6.68,4.52,3.55,5,3.95,1.94,3.67,2.66,10.208,149,15,"yes",299
"R920","Anilios","ligatusE",-29.43,147.98,"taper to a point, pointy spur","f","SAM","920","SAM_R920",0.027,365,10,13.67,7.26,7.57,5.66,4.21,6.19,5.53,2.91,4.58,3.78,12.275,148,14,"yes",375
"R921","Anilios","ligatus",,,"taper to a point, pointy spur","f","SAM","921","SAM_R921",0.03,277,7,10.64,6.49,5.2,3.76,4.16,5.18,4.28,2.23,4.18,3.16,10.571,152,15,"yes",284
"R3897","Anilios","ligatusE",-19.6,146.83,"taper to a point, pointy spur","m","SAM","3897","SAM_R3897",0.043,234,10,6.36,5.05,4.9,3.19,2.4,3.85,3.62,1.74,2.5,1.95,8.373,144,15,"yes",244
"R31019","Anilios","ligatusE",-30.18,149.93,"taper to a point, pointy spur","m","SAM","31019","SAM_R31019",0.04,280,12,9.1,5.5,5.66,4.02,3.33,5.32,4.01,1.95,3.02,2.71,10.354,140,18,"yes",292
"R71387","Anilios","ligatusE",-19.216,145.428,"taper to a point, pointy spur","m","SAM","71387","SAM_R71387",0.039,230,9,8.46,5.27,4.79,3.19,3.04,3.85,3.79,1.77,2.2,2.36,8.4,142,15,"yes",239
"R65743","Anilios","margaretae",-30.17,131.58,"taper to a point","m","SAM","65743","SAM_R65743",0.02,232,4,2.65,1.78,1.87,1.54,1.26,1.41,2.13,0.98,0.88,1.15,3.594,271,14,"yes",236
"R67495","Anilios","margaretae",-29.402,130.74,"taper to a point","u","SAM","67495","SAM_R67495",0.016,244,4,2.4,1.61,1.91,1.47,1.2,1.52,2,1.03,0.74,1.21,3.77,271,14,,248
"R70458","Ramphotyphlops","multilineatus",-6.91,144.96,"cone shape, taper to a point","m","SAM","70458","SAM_R70458",0.04,345,12,5.01,4.19,4.24,2.7,2.5,3.58,3.31,1.7,2.4,1.72,6.694,259,17,"yes",357
"R918","Anilios","nigrescens",-37.08,149.9,"taper to a point, pointy spur","f","SAM","918","SAM_R918",0.026,502,13,8.19,7.11,7.3,4.43,4.01,5.81,5.42,2.65,3.4,3.06,11.4125,218,16,"yes",515
"R919","Anilios","nigrescens",-37.08,149.9,"taper to a point, pointy spur","f","SAM","919","SAM_R919",0.02,484,9,10.03,6.99,7.35,4.87,3.74,5.55,4.98,2.58,4.34,3.21,11.303,188,15,"yes",493
"R31021","Anilios","nigrescens",-28.8,152.08,"taper to a point, pointy spur","f","SAM","31021","SAM_R31021",0.029,408,12,8.46,5.33,6.63,4.51,3.69,5.29,4.72,2.35,2.98,3.25,10.113,200,16,"yes",420
"R34713","Anilios","nigrescens",-33.33,151.32,"taper to a point, pointy spur","f","SAM","34713","SAM_R34713",0.02,348,8,7.1,4.79,3.81,3.16,2.62,4,3.87,1.76,2.02,2.44,8.573,210,14,"yes",356
"R39127","Anilios","nigrescens",-30.88,151.2,"taper to a point, pointy spur","f","SAM","39127","SAM_R39127",0.018,223,4,5.06,4.15,3.63,2.57,2.28,2.79,3.04,1.52,1.88,1.85,7.02,183,12,"yes",227
"R3932","Anilios","nigrescens",-33.95,151.13,"taper to a point, pointy spur","m","SAM","3932","SAM_R3932",0.04,282,12,5.68,4.62,4.01,2.96,2.37,3.31,2.96,1.61,2.01,2.15,7.56,189,21,"yes",294
"R31022","Anilios","nigrescens",-28.8,152.08,"taper to a point, pointy spur","m","SAM","31022","SAM_R31022",0.025,325,8,5.96,4.42,4.91,3.64,2.62,3.95,3.42,2.03,2.28,2.5,9.251,201,14,"yes",333
"R31023","Anilios","nigrescens",-29.65,152.05,"taper to a point, pointy spur","m","SAM","31023","SAM_R31023",0.05,280,13,5.56,5.38,4.25,2.97,2.62,3.72,3.26,1.74,2.23,2.26,7.649,188,18,"yes",293
"R31024","Anilios","nigrescens",-29.65,152.05,"taper to a point, pointy spur","m","SAM","31024","SAM_R31024",0.035,287,10,5.6,5.79,4.22,2.93,2.55,3.95,3.4,1.75,1.51,2.07,7.658,186,19,"yes",297
"R67932","Anilios","nigrescens",-33.09,151.24,"taper to a point, pointy spur","m","SAM","67932","SAM_R67932",0.03,312,10,5.48,5.65,4.22,3.72,2.31,3.59,3.3,1.59,2.94,2.09,7.757,193,20,"yes",322
"R923","Anilios","pinguis",-33.68,117.55,"sharp pointy","f","SAM","923","SAM_R923",0.033,360,12,13.1,8.56,8.47,6.06,4.96,6.39,6.95,3.31,4.25,4.27,13.624,148,13,"yes",372
"R927","Anilios","torresianus",,,"taper to a point","m","SAM","927","SAM_R927",0.05,218,11,4.77,3.45,3.76,2.39,1.95,2.44,1.92,1.19,1.77,1.73,6.591,195,22,"yes",229
"R200","Anilios","proximus",-25.6,152.6,"taper to a point, pointy spur","f","SAM","200","SAM_R200",0.017,362,6,7.63,6.57,6.1,4.35,3.47,5.06,5.27,2.41,3.52,3.04,9.268,180,11,"yes",368
"R916","Anilios","proximus",-32.8,149.97,"taper to a point, pointy spur","f","SAM","916","SAM_R916",0.02,383,7,9.25,6.73,6.83,5.28,4.15,5.56,5.9,2.71,4.06,3.22,10.941,169,11,"yes",390
"R922","Anilios","proximus",,,"taper to a point, pointy spur","f","SAM","922","SAM_R922",0.011,370,4,10.17,7.03,7.12,5.86,4.01,6.02,5.76,2.7,5.21,3.63,10.855,171,12,"yes",374
"R22713","Anilios","proximus",-25.32,148.83,"taper to a point, pointy spur","f","SAM","22713","SAM_R22713",0.02,404,9,14.41,9.98,8.02,5.98,4.46,6.34,6.01,2.88,4.05,3.91,11.599,171,13,"yes",413
"R47090","Anilios","silvia",-25.95,153.13,"taper to a point","u","SAM","47090","SAM_R47090",0.02,98,2,2.34,1.3,1.91,1.34,0.73,1.33,1.34,0.38,0.65,0.88,3.971,167,14,,100
"R47349","Anilios","silvia",-25.95,153.13,"taper to a point","u","SAM","47349","SAM_R47349",0.04,110,5,1.77,1.21,2,1.16,0.91,1.28,1.46,1.06,0.74,1.03,3.865,164,16,,115
"R64769","Acutotyphlops","subocularis",-5.446,151.464,"taper to a point, pointy spur","u","SAM","64769","SAM_R64769",0.049,164,8,3.42,2.17,3.23,2.18,1.76,3.17,2.6,2,2.53,0.91,7.275,167,15,,172
"R64770","Acutotyphlops","subocularis",-5.45,151.46,"taper to a point, pointy spur","u","SAM","64770","SAM_R64770",0.07,287,19,7.15,6.34,4.23,2.85,2.18,4.21,3.39,1.38,2.64,1.23,10.384,169,14,,306
"R1272C","Anilios","tovelli",-12.45,130.83,"taper to a point","f","SAM","1272C","SAM_R1272C",0.047,107,5,2.63,2.04,1.8,1.66,1.38,1.63,1.73,0.97,1.18,1.05,4.296,139,15,"yes",112
"R1272A","Anilios","tovelli",-12.45,130.83,"taper to a point","u","SAM","1272A","SAM_R1272A",0.05,109,5,2.9,2.06,2.1,1.63,0.97,1.68,1.92,1.47,1.24,1.16,4.364,132,17,,114
"R54430","Anilios","unguirostris",-17.435,141.276,"taper to a point","m","SAM","54430","SAM_R54430",0.019,257,5,4.11,2.49,3.18,2.14,1.91,2.29,2.94,1.59,1.18,1.35,7.034,210,13,"yes",262
"R904","Anilios","waitii",-32.12,116.93,"tapers to a point, small spur","f","SAM","904","SAM_R904",0.02,340,6,5.39,3.96,3.36,2.29,1.8,2.86,2.95,1.77,1.89,1.88,5.81,310,14,"yes",346
"R75461","Anilios","unguirostris",-16.583,128.8,"pointy","f","WAM","75461","WAM_R75461",0.015,411,6,6.88,4.09,4.02,3.31,3.05,3.15,4.77,2.45,2.2,2.09,7.49,221,13,"yes",417
"R70725","Anilios","unguirostris",-16.63,125.92,"pointy","f","WAM","70725","WAM_R70725",0.01,445,6,7.61,5.01,4.28,2.78,3.13,3.49,4.27,2.14,1.92,2.19,7.33,238,14,"yes",451
"R117861","Anilios","unguirostris",-17.663,124.933,"pointy","m","WAM","117861","WAM_R117861",0.016,251,4,3.45,3.34,3.02,2.19,2.15,2.51,3,1.61,1.47,1.52,5.78,242,11,"tail",255
"R125664","Anilios","pinguis",-31.57,115.71,"pointy spur","m","WAM","125664","WAM_R125664",0.03,258,8,9,6.92,6.79,4.46,3.72,4.71,4.89,2.27,2.97,2.97,9.2,151,12,"yes",266
"R96220","Anilios","pinguis",-32.05,115.95,"pointy spur","m","WAM","96220","WAM_R96220",0.056,285,16,11.5,9.96,7.82,5.47,4.17,5.79,6.27,2.82,3.63,3.88,9.8,143,16,"yes",301
"R82627","Anilios","pinguis",-31.98,115.97,"pointy spur","f","WAM","82627","WAM_R82627",0.05,363,19,11.92,9.48,8.75,5.73,4.62,7.15,6.88,3.12,4.89,4.34,11.11,151,12,"yes",382
"R146959","Anilios","howi",-14.3,126.633,"taper point","f","WAM","146959","WAM_R146959",0.015,262,4,2.43,2.3,1.96,1.33,1.15,1.61,1.78,0.86,0.79,1.19,4.13,297,8,"tail",266
"R146381","Anilios","howi",-14.3,126.63,"taper point","f","WAM","146381","WAM_R146381",0.02,171,3,1.93,1.64,1.69,1.37,1.02,1.62,1.51,0.97,0.85,0.88,3.47,295,7,"tail",174
"R141536","Anilios","howi",-14.3,126.633,"taper point","f","WAM","141536","WAM_R141536",0.018,217,4,3.11,2.25,2.1,1.33,1.27,1.89,1.63,0.98,0.91,0.99,4.02,295,14,"yes",221
"R23560","Anilios","tovelli",-12.35,130.87,"taper point","f","WAM","23560","WAM_R23560",0.03,128,4,3.14,1.97,2.28,1.49,1.24,1.86,1.66,1.05,1.2,1.09,4.26,146,10,"yes",132
"R163269","Anilios","margaretae",-28.688,125.848,"taper point",,"WAM","163269","WAM_R163269",0.01,286,3,3.52,2.79,2.69,2.13,1.86,2.04,3.08,1.92,1.09,1.7,4.48,281,9,,289
"R135344","Anilios","australis",-32.68,115.7,"taper point","m","WAM","135344","WAM_R135344",0.04,180,8,4.85,3.72,3.13,2.27,2.05,2.69,3.28,1.44,1.55,1.82,5.92,153,17,"yes",188
"R135343","Anilios","australis",-32.683,115.7,"taper point","f","WAM","135343","WAM_R135343",0.025,237,6,6.2,3.77,3.85,2.82,2.42,3.43,3.59,1.81,1.77,2.08,6.94,,,"yes",243
"R140516","Anilios","australis",-30.61,115.25,"taper point","m","WAM","140516","WAM_R140516",0.05,148,7,3.84,2.94,2.8,2.08,1.68,2.22,2.5,1.14,1.36,1.32,4.72,154,13,"yes",155
"R141875","Anilios","australis",-33.648,115.416,"taper point","m","WAM","141875","WAM_R141875",0.042,168,7,3.9,3.71,2.94,2.23,2.02,2.51,2.81,1.47,1.65,1.75,5.76,,,"yes",175
"R136224","Anilios","australis",-33.09,117.7,"taper point","f","WAM","136224","WAM_R136224",0.03,220,7,4.96,4.1,3.63,2.61,2.32,2.88,3.6,1.87,1.67,1.96,6.79,,,"yes",227
"R137473","Anilios","australis",-33.55,115.85,"taper point","f","WAM","137473","WAM_R137473",0.026,266,7,5.28,4.61,4.21,2.88,2.7,3.37,4.23,2.07,1.65,2.2,7.93,,,"tail",273
"R134937","Anilios","australis",-31.4,116.15,"taper point","f","WAM","134937","WAM_R134937",0.03,265,7,6.87,4.17,4.25,2.84,2.9,3.46,4.08,1.8,1.74,2.21,7.95,160,14,"yes",272
"R134504","Anilios","australis",-32.693,119.34,"taper point","f","WAM","134504","WAM_R134504",0.034,268,9,7.8,5.43,4.4,3.15,2.66,4.09,3.51,2.09,2.25,1.9,8.08,161,14,"yes",277
"R135248","Anilios","australis",-33.85,114.98,"taper point","f","WAM","135248","WAM_R135248",0.03,322,9,4.4,8.07,5.47,3.9,3.15,4.51,4.7,2.35,2.76,2.74,8.09,161,14,"yes",331
"R133502","Anilios","australis",-31.993,117.017,"taper point","f","WAM","133502","WAM_R133502",0.026,154,4,3.92,2.62,2.75,2.06,1.68,2.55,2.19,1.09,1.62,1.56,4.98,158,13,,158
"R146051","Anilios","troglodytes",-16.75,123.99,"taper point","f","WAM","146051","WAM_R146051",0.01,315,4,5.69,2.78,3.12,1.79,1.73,2.47,2.09,1.28,1.76,1.39,5.64,290,14,"yes",319
"R146048","Anilios","troglodytes",-16.75,123.985,"taper point","m","WAM","146048","WAM_R146048",0.019,212,4,4.08,2.44,2.67,1.55,1.33,2.29,1.94,1.25,1.7,1.31,5.3,285,15,"yes",216
"R172637","Anilios","troglodytes",-16.32,124.05,"taper point","f","WAM","172637","WAM_R172637",0.01,227,3,3.1,1.98,2.3,1.53,1.36,2.15,1.89,1.06,1.52,1.1,4.91,282,13,"yes",230
"R102560","Anilios","ammodytes",-23.096,116.01,"taper point","f","WAM","102560","WAM_R102560",0.019,211,4,3.64,2.2,2.43,1.5,1.3,1.65,1.98,1.01,1.12,1.08,5.08,209,13,"yes",215
"R102550","Anilios","ammodytes",-23.08,115.79,"taper point","f","WAM","102550","WAM_R102550",0.02,211,4,4.14,2.29,2.49,1.95,1.62,2.25,1.93,1.18,1.2,1.36,5.27,215,12,"yes",215
"R108831","Anilios","ammodytes",-20.783,116.85,"taper point","f","WAM","108831","WAM_R108831",0.02,251,5,4.62,2.55,3,1.98,1.79,2.6,2.4,1.14,1.5,1.38,5.67,209,11,"yes",256
"R124837","Anilios","ammodytes",-20.42,118.83,"taper point","m","WAM","124837","WAM_R124837",0.06,181,10,3.75,3.57,2.26,1.68,1.44,1.78,1.83,0.99,1.4,1.07,4.59,,,,191
"R110290","Anilios","ammodytes",-22.676,119.841,"taper point","m","WAM","110290","WAM_R110290",0.045,178,8,3.28,2.26,2.19,1.38,1.11,1.91,1.74,1.02,1.19,1.02,4.81,198,14,"yes",186
"R102496","Anilios","ammodytes",-23.38,115.88,"taper point","f","WAM","102496","WAM_R102496",0.02,235,4,3.78,1.89,2.48,1.71,1.27,2.17,2.14,1.15,1.25,1.2,5.41,,,"yes",239
"R111957","Anilios","ammodytes",-22.701,120.737,"taper point","f","WAM","111957","WAM_R111957",0.026,196,5,3.45,2.02,2.09,1.4,1.03,1.77,1.72,0.93,1.23,1.05,4.55,,,"yes",201
"R110035","Anilios","ammodytes",-20.79,116.86,"taper point","m","WAM","110035","WAM_R110035",0.03,203,7,4.51,2.82,2.61,1.66,1.49,2.31,2.02,1.15,1.48,1.29,5.42,194,14,"yes",210
"R100453","Anilios","ammodytes",-22.329,122.064,"taper point","f","WAM","100453","WAM_R100453",0.013,298,4,3.86,2.58,2.77,1.76,1.52,2.34,2.44,1.23,1.33,1.33,5.43,231,13,"yes",302
"R111995","Anilios","ammodytes",-22.61,120.73,"taper point","f","WAM","111995","WAM_R111995",0.02,227,5,3.58,2.2,2.67,1.65,1.45,2.06,1.9,1.12,1.41,1.13,4.74,204,14,"yes",232
"R97337","Anilios","hamatus",-28.533,115.517,"taper point","f","WAM","97337","WAM_R97337",0.023,301,7,6.29,5.03,4.24,3.01,2.44,3.18,4.01,2.17,2.37,2.25,7.64,187,10,"yes",308
"R81525","Anilios","hamatus",-28.43,122.95,"taper point","f","WAM","81525","WAM_R81525",0.03,332,9,7.24,4.88,4.88,3.28,2.62,3.7,4.5,2.39,2.69,2.42,6.85,189,9,"yes",341
"R101234","Anilios","hamatus",-28.783,115.75,"taper point","f","WAM","101234","WAM_R101234",0.022,226,5,5.28,3.95,3.79,2.48,2.28,3.39,3.44,1.68,2.09,1.71,6.67,178,13,"yes",231
"R72899","Anilios","hamatus",-29.26,122.4,"taper point","m","WAM","72899","WAM_R72899",0.03,242,7,4.2,4.16,3.45,2.19,2.03,2.9,3.58,1.7,1.43,1.68,5.27,,,"yes",249
"R96639","Anilios","hamatus",-28.933,116.283,"taper point","m","WAM","96639","WAM_R96639",0.046,240,11,6.16,4.77,3.73,2.37,2.07,3.24,3.42,1.77,2.37,2.49,6.69,,,"yes",251
"R110955","Anilios","hamatus",-27.25,120.76,"taper point","m","WAM","110955","WAM_R110955",0.04,289,11,7.08,5.73,4.92,3.43,2.59,3.77,4.86,2.14,2.53,2.48,7.91,171,12,"yes",300
"R111862","Anilios","hamatus",-23.536,120.326,"taper point","f","WAM","111862","WAM_R111862",0.021,242,5,6.07,3.78,3.4,2.16,1.96,2.79,3.53,1.63,1.95,1.54,6.02,185,11,"yes",247
"R111763","Anilios","hamatus",-23.37,120.46,"taper point","m","WAM","111763","WAM_R111763",0.04,237,9,5.34,3.9,3.38,2.42,2,3.18,3.59,1.68,2.18,2.01,5.79,,,"yes",246
"R110956","Anilios","hamatus",-26.97,120.615,"taper point","f","WAM","110956","WAM_R110956",0.027,294,8,5.59,5.27,4.68,3.14,3.07,3.57,4.39,2.27,2.57,2.13,7.59,,,"yes",302
"R110954","Anilios","hamatus",-26.98,120.64,"taper point","m","WAM","110954","WAM_R110954",0.04,241,10,4.73,4.97,3.85,2.81,2.21,3.62,4.14,1.9,2.31,1.93,6.81,,,"yes",251
"R145759","Anilios","grypusW",-21.94,118.961,"black taper point","m","WAM","145759","WAM_R145759",0.031,292,9,3.18,2.74,2.1,1.48,1.08,1.85,1.92,1.06,1.04,1.15,4.07,341,25,"yes",301
"R146673","Anilios","grypusW",-21.06,118.75,"black taper point","f","WAM","146673","WAM_R146673",0.01,386,5,4.75,3.12,2.13,1.46,1.39,2.11,2.44,1.01,1.26,1.18,4.48,386,11,"yes",391
"R176517","Anilios","grypusW",-22.215,114.085,"black taper point","f","WAM","176517","WAM_R176517",0.043,326,14,4.71,3.1,2.7,2.1,1.52,2.4,2.71,1.63,1.56,1.41,4.58,282,23,"yes",340
"R173075","Anilios","grypusW",-23.28,122.82,"black taper point","m","WAM","173075","WAM_R173075",0.05,229,12,3.12,2.28,1.75,1.15,0.99,1.66,1.82,1.06,0.76,1.29,3.55,316,24,"yes",241
"R172603","Anilios","grypusW",-22.692,115.407,"black taper point","f","WAM","172603","WAM_R172603",0.012,340,4,5.46,3.19,2.5,1.96,1.46,2.55,2.95,1.63,1.53,1.59,4.14,297,8,"yes",344
"R108805","Anilios","diversus",-18.94,128.78,"taper point","m","WAM","108805","WAM_R108805",0.04,226,9,3.03,2.52,2.14,1.56,1.17,1.84,1.93,0.96,1.21,1.18,4.46,233,17,"yes",235
"R112027","Anilios","diversus",-17.06,122.717,"taper point","f","WAM","112027","WAM_R112027",0.019,257,5,2.99,2.39,2.82,1.58,1.58,2.05,2.38,1.13,1.54,1.39,5.42,,,"yes",262
"R119543","Anilios","diversus",-15.78,128.78,"taper point","f","WAM","119543","WAM_R119543",0.02,177,4,2.76,1.74,2.12,1.26,1.2,1.62,1.81,0.86,0.9,1,4.33,205,13,"yes",181
"R119542","Anilios","diversus",-15.783,128.783,"taper point","f","WAM","119542","WAM_R119542",0.018,224,4,4.23,2.65,2.33,1.56,1.4,2.12,2.16,1.07,1.17,1.21,4.71,213,9,"yes",228
"R139387","Anilios","pilbarensis",-21.23,120.36,"taper point","m","WAM","139387","WAM_R139387",0.04,241,10,5.28,4.54,3.37,2.15,2.27,2.64,3.48,1.64,1.57,1.58,6.52,,,"yes",251
"R154868","Anilios","pilbarensis",-20.654,120.791,"taper point","f","WAM","154868","WAM_R154868",0.026,309,8,6.84,5.33,4.23,2.65,2.28,3.13,3.69,1.93,2.08,2.09,6.78,202,12,"yes",317
"R110744","Anilios","pilbarensis",-22.57,117.19,"taper point","f","WAM","110744","WAM_R110744",0.03,285,8,4.57,3.97,3.56,2.38,2.42,3.14,3.87,1.66,1.75,1.8,6.64,210,14,"yes",293
"R110734","Anilios","pilbarensis",-22.618,117.181,"taper point","m","WAM","110734","WAM_R110734",0.046,261,12,5.6,4.52,3.94,2.61,2.22,3.28,3.29,1.71,2.05,1.83,6.8,196,18,"yes",273
"R110943","Anilios","pilbarensis",-21.7,116.05,"taper point","f","WAM","110943","WAM_R110943",0.03,337,10,7.26,5.97,4.19,2.64,2.69,3.64,3.99,1.95,2.29,2.08,6.84,208,16,"yes",347
"R110733","Anilios","pilbarensis",-22.613,117.188,"taper point","f","WAM","110733","WAM_R110733",0.025,315,8,7.37,5.03,4.11,2.78,2.75,3.52,3.94,2.17,2.87,1.97,8,194,16,"yes",323
"R112734","Anilios","pilbarensis",-21.27,120.46,"taper point","m","WAM","112734","WAM_R112734",0.04,261,10,5.86,4.68,3.43,2.4,2.12,2.88,3.48,1.72,1.96,1.49,6.65,193,20,"yes",271
"R110940","Anilios","pilbarensis",-21.671,115.962,"taper point","f","WAM","110940","WAM_R110940",0.03,302,9,5.31,3.96,3.72,2.46,2.49,3.08,3.46,1.99,1.58,1.8,6.13,205,14,"yes",311
"R156309","Anilios","pilbarensis",-22.23,118.98,"taper point","f","WAM","156309","WAM_R156309",0.02,350,6,8.14,5.89,4.25,2.84,2.78,3.39,4.3,2.09,2.93,2.13,7.87,200,15,"yes",356
"R163218","Anilios","pilbarensis",-22.121,117.741,"taper point","m","WAM","163218","WAM_R163218",0.043,235,10,5.03,4.6,3.44,2.22,2.11,2.77,3.39,1.93,1.49,1.63,6.26,195,16,"yes",245
"R166182","Anilios","pilbarensis",-21.95,120.12,"taper point","m","WAM","166182","WAM_R166182",0.05,233,11,5.71,4.72,3.44,2.29,2.33,2.9,3.15,1.87,1.59,1.59,6.12,191,17,"yes",244
"R172600","Anilios","pilbarensis",-22.028,117.999,"taper point","m","WAM","172600","WAM_R172600",0.033,213,7,4.55,3.38,3,2.11,2.04,2.58,3.19,1.55,1.61,1.52,6.12,190,17,"yes",220
"R166501","Anilios","pilbarensis",-21.68,121.23,"taper point","m","WAM","166501","WAM_R166501",0.04,308,13,5.83,4.75,3.88,2.48,2.92,2.96,3.95,2.12,1.59,1.83,6.54,188,17,"yes",321
"R152275","Anilios","diversus",-18.147,124.528,"taper point","m","WAM","152275","WAM_R152275",0.035,198,7,3.45,2.98,2.44,1.38,1.17,1.82,1.44,1.17,1.4,1.14,4.6,,,"yes",205
"R168514","Anilios","diversus",-17.59,122.17,"taper point","m","WAM","168514","WAM_R168514",0.03,174,5,2.63,1.91,2.36,1.46,1.02,1.78,2.04,0.91,1.11,0.95,4.35,,,"yes",179
"R152274","Anilios","diversus",-18.148,124.551,"taper point","m","WAM","152274","WAM_R152274",0.03,200,6,3.31,2.78,2.44,1.3,1.23,1.99,1.68,1.03,0.96,1.02,4.18,216,15,"yes",206
"R166605","Anilios","diversus",-17.61,127.95,"taper point","m","WAM","166605","WAM_R166605",0.03,155,5,2.81,2.03,1.89,1.46,1.04,1.7,1.57,1.41,1.02,0.97,4.15,,,"yes",160
"R168385","Anilios","kimberleyensis",-16.089,123.55,"point","m","WAM","168385","WAM_R168385",0.02,200,4,4.68,2,3.11,1.8,1.63,2.59,2.27,1.15,1.57,1.38,5.77,194,12,"yes",204
"R168371","Anilios","kimberleyensis",-16.04,123.52,"point","m","WAM","168371","WAM_R168371",0.03,228,7,4.13,3.02,3.35,2.02,1.92,2.82,2.4,1.31,1.79,1.63,6.54,199,14,"yes",235
"R168370","Anilios","kimberleyensis",-16.039,123.528,"point","m","WAM","168370","WAM_R168370",0.029,206,6,4.53,2.81,3.08,1.89,1.73,2.51,2.17,1.17,1.59,1.53,6.28,199,14,"yes",212
"R168382","Anilios","kimberleyensis",-16.04,123.54,"point","m","WAM","168382","WAM_R168382",0.04,191,7,4.52,2.85,3.08,1.86,1.62,2.49,2.19,1.19,1.7,1.5,5.84,188,15,"yes",198
"R125981","Anilios","kimberleyensis",-15.467,128.1,"point","f","WAM","125981","WAM_R125981",0.022,408,9,6.06,3.73,3.7,2.15,1.9,2.94,3.15,1.86,2.21,1.76,7.4,251,11,"yes",417
"R168381","Anilios","kimberleyensis",-16.07,123.55,"point","f","WAM","168381","WAM_R168381",0.02,213,4,5.19,2.05,3.43,1.98,1.97,2.51,2.85,1.34,2.01,1.72,6.67,194,11,"yes",217
"R168365","Anilios","kimberleyensis",-16.039,123.528,"point","f","WAM","168365","WAM_R168365",0.017,234,4,4.23,2.25,3.42,2.15,2.06,2.94,3.12,1.33,1.66,1.63,6.76,208,12,"yes",238
"R168404","Anilios","kimberleyensis",-16.08,123.55,"point","f","WAM","168404","WAM_R168404",0.02,207,4,4.62,2.58,3.28,1.91,1.69,2.77,2.34,1.18,1.64,1.49,6.57,193,10,"yes",211
"R168461","Anilios","kimberleyensis",-13.883,126.567,"point","m","WAM","168461","WAM_R168461",0.021,240,5,4.65,2.39,3.15,1.98,1.81,2.62,2.69,1.51,1.63,1.51,6.66,205,14,"yes",245
"R133193","Anilios","kimberleyensis",-16.13,123.76,"point","f","WAM","133193","WAM_R133193",0.02,219,5,4.54,2.38,3.17,1.83,1.86,2.68,2.49,1.19,1.79,1.36,6.31,197,12,"yes",224
"R168363","Anilios","kimberleyensis",-16.089,123.55,"point","f","WAM","168363","WAM_R168363",0.017,301,5,6.85,3.46,4.85,2.92,2.23,3.4,3.44,1.99,2.48,2.44,8.71,204,8,"yes",306
"R115121","Anilios","systenos",-28.1,115.63,"point","m","WAM","115121","WAM_R115121",0.04,244,9,3.01,2.05,1.66,1.22,0.94,1.51,1.49,0.7,0.62,0.82,3.33,306,19,"yes",253
"R138013","Anilios","guentheri",-15.783,128.733,"point","f","WAM","138013","WAM_R138013",0.016,251,4,2.6,2.12,2.01,1.28,1.21,1.85,1.73,0.76,1.18,1,4.65,,,"yes",255
"R61353","Anilios","guentheri",-16.28,128.8,"point","m","WAM","61353","WAM_R61353",0.03,195,6,3.01,2.2,2.06,1.48,1.06,1.77,1.66,0.74,1.03,0.98,3.8,250,15,"yes",201
"R119987","Anilios","guentheri",-15.833,128.033,"point","f","WAM","119987","WAM_R119987",0.015,271,4,2.96,1.82,2.15,1.3,1.28,1.94,1.77,1.12,0.88,1.14,4.3,311,12,"yes",275
"R137468","Anilios","guentheri",-15.78,128.73,"point","f","WAM","137468","WAM_R137468",0.02,184,4,2.7,1.82,1.76,1.19,1.08,1.53,1.38,0.76,0.82,0.86,4.45,,,"yes",188
"R108431","Anilios","guentheri",-17.229,128.099,"point","f","WAM","108431","WAM_R108431",0.018,227,4,2.87,1.89,1.84,1.19,1.07,1.74,1.6,0.83,0.84,0.91,4.45,,,"yes",231
"R152714","Anilios","guentheri",-17.39,128.25,"point","f","WAM","152714","WAM_R152714",0.02,134,3,2.54,1.57,1.47,0.92,0.85,1.31,1.19,0.57,0.63,0.65,3.54,263,17,"tail",137
"R70638","Anilios","guentheri",-16.603,128.459,"point","f","WAM","70638","WAM_R70638",0.015,194,3,2.42,1.76,1.94,1.08,1.03,1.4,1.58,0.64,0.94,0.91,3.99,286,10,"tail",197
"R136761","Anilios","waitii",-27.61,119.57,"point","m","WAM","136761","WAM_R136761",0.03,313,9,3.62,2.6,2.3,1.72,1.28,2.18,2.38,1.45,1.55,1.51,4.59,,,"yes",322
"R135251","Anilios","waitii",-26.583,119.917,"point","m","WAM","135251","WAM_R135251",0.03,270,8,4.04,3.18,2.4,1.73,1.23,2.13,2.51,1.14,1.08,1.36,4.25,304,15,"yes",278
"R136696","Anilios","waitii",-29.92,121.14,"point","f","WAM","136696","WAM_R136696",0.01,358,4,3.6,2.48,2.74,1.9,1.49,1.99,3.04,1.65,1.06,1.76,5.05,,,"yes",362
"R136727","Anilios","waitii",-26.27,121.498,"point","f","WAM","136727","WAM_R136727",0.017,348,6,4.34,2.71,2.58,1.95,1.49,2.33,2.46,1.17,1.32,1.49,4.4,,,"yes",354
"R140423","Anilios","waitii",-28.37,120.58,"point","f","WAM","140423","WAM_R140423",0.01,359,5,4.31,3.73,2.82,2.13,1.59,2.33,2.85,1.47,1.48,1.64,5.02,302,15,"yes",364
"R135604","Anilios","waitii",-28.82,122.303,"point","f","WAM","135604","WAM_R135604",0.014,357,5,4.22,3,2.7,2.07,1.3,2.21,2.96,1.49,1.42,1.71,4.99,325,13,"yes",362
"R136751","Anilios","waitii",-26.26,121.51,"point","f","WAM","136751","WAM_R136751",0.01,295,4,3.16,2.27,2.35,1.68,1.55,2.13,2.48,1.28,1.28,1.33,4.5,,,"yes",299
"R136315","Anilios","waitii",-26.27,121.498,"point","f","WAM","136315","WAM_R136315",0.01,309,3,3.83,2.54,2.35,1.84,1.34,2.04,2.72,1.38,1.42,1.32,4.67,311,11,"yes",312
"R132114","Anilios","waitii",-32.93,117.18,"point","m","WAM","132114","WAM_R132114",0.03,326,10,4.88,3.7,3.05,1.85,1.3,2.63,2.96,1.66,1.48,1.58,5.62,270,18,"yes",336
"R104317","Anilios","waitii",-28.667,114.6,"point","m","WAM","104317","WAM_R104317",0.029,415,12,5.06,4.75,3.3,2.32,1.73,2.69,3.78,1.96,1.27,2.06,5.41,306,15,"yes",427
"R146995","Anilios","pinguis",-31.93,116.03,"poin","f","WAM","146995","WAM_R146995",0.03,358,12,14.18,8.23,8.09,5.16,4.04,5.89,5.71,2.56,4.66,3.83,11.16,154,10,"yes",370
"R173032","Anilios","pinguis",-32.639,119.755,"point","f","WAM","173032","WAM_R173032",0.035,202,7,7.17,5.4,5.35,3.55,2.6,4.49,3.91,1.97,2.53,2.35,7.17,152,12,"yes",209
"R172519","Anilios","pinguis",-32.65,119.77,"point","f","WAM","172519","WAM_R172519",0.04,200,7,6.62,4.31,4.85,3.36,2.41,4.11,3.7,1.82,2.55,2.47,7.58,153,12,"yes",207
"R28630","Anilios","pinguis",-33.833,117.15,"point","f","WAM","28630","WAM_R28630",0.023,430,10,17.36,9.26,8.57,6.59,4.83,6.38,6.83,2.99,4.94,4.23,11.11,,,"yes",440
"R37465","Anilios","pinguis",-31.38,116.08,"point","m","WAM","37465","WAM_R37465",0.06,315,18,10.91,7.92,7.73,5.1,3.87,5.86,6.62,2.88,3.78,3.81,10.02,150,15,"yes",333
"R29754","Anilios","pinguis",-31.983,116.067,"point","f","WAM","29754","WAM_R29754",0.034,290,10,12.74,7.72,6.62,4.84,3.86,5.64,5.59,2.63,3.27,3.52,9.69,152,11,"yes",300
"R55917","Anilios","pinguis",-31.92,116.05,"point","m","WAM","55917","WAM_R55917",0.04,123,5,3.51,2.97,3.36,2.39,2.14,2.94,2.32,1.19,1.53,1.58,5.96,,,"yes",128
"R163525","Anilios","unguirostris",-17.517,126.1,"point","m","WAM","163525","WAM_R163525",0.029,350,10,5.83,3.98,3.52,2.58,2.17,2.73,3.67,2.11,1.48,1.76,6.58,225,13,"tail",360
"R163527","Anilios","unguirostris",-17.57,126.08,"point","f","WAM","163527","WAM_R163527",0.01,308,4,5.44,3.55,3.25,2.26,2.1,2.82,3.48,1.91,1.63,1.68,6.49,,,"yes",312
"R146958","Anilios","unguirostris",-14.3,126.633,"point",,"WAM","146958","WAM_R146958",0.018,167,3,2.86,1.94,2.63,1.97,1.48,2.08,2.49,1.3,1.15,1.4,5.36,,,,170
"R73538","Anilios","unguirostris",-16.43,126.43,"point","m","WAM","73538","WAM_R73538",0.03,247,8,5.09,4.2,3.21,2.38,2.04,2.8,3.22,1.56,1.73,1.7,6.21,209,14,"yes",255
"R163526","Anilios","unguirostris",-17.517,126.1,"point","f","WAM","163526","WAM_R163526",0.013,372,5,5.46,3.34,3.35,2.14,2.01,2.92,3.21,1.74,1.9,1.62,6.28,238,11,"yes",377
"R163528","Anilios","unguirostris",-17.52,126.1,"point","f","WAM","163528","WAM_R163528",0.01,444,5,5.45,4.48,3.86,2.72,2.57,3.17,4.03,2.1,2.44,2.08,6.85,233,10,"yes",449
"R83196","Anilios","unguirostris",-15.767,128.733,"point","f","WAM","83196","WAM_R83196",0.013,445,6,8.18,4.97,4.07,3.06,2.69,3.23,3.9,2.3,2.04,2.1,7.82,216,11,"yes",451
"R99771","Anilios","unguirostris",-17.29,125.37,"point","f","WAM","99771","WAM_R99771",0.01,311,3,5.39,2.54,2.95,2.05,2.05,2.57,3.29,1.68,1.41,1.55,5.6,257,10,"tail",314
"R131661","Anilios","unguirostris",-14.221,126.632,"point","m","WAM","131661","WAM_R131661",0.026,267,7,4.81,4.3,3.48,2.34,2.32,2.62,3.32,1.81,1.74,1.62,6.65,206,11,"tail",274
"R161318","Anilios","grypusW",-21.41,120.07,"point","f","WAM","161318","WAM_R161318",0.01,328,4,3.4,2.38,2.55,1.78,1.37,2.21,2.6,1.24,1.38,1.51,4.71,,,"yes",332
"R168870","Anilios","ligatus",-15.669,128.691,"point","m","WAM","168870","WAM_R168870",0.046,219,10,7.3,5.42,4.36,2.9,3.1,3.55,3.13,1.43,2.62,1.9,7.36,151,12,"yes",229
"R141065","Anilios","ligatus",-15.77,128.73,"point","f","WAM","141065","WAM_R141065",0.03,277,7,9.04,5.46,5.48,3.24,2.72,3.41,3.79,2.03,2.61,2.44,7.83,167,12,"yes",284
"R75510","Anilios","ligatus",-16.583,128.8,"point","f","WAM","75510","WAM_R75510",0.029,241,7,6.27,3.73,4.41,3.1,2.5,3.76,2.98,1.57,2.67,2.16,7.71,166,13,"yes",248
"R22357","Anilios","ligatus",-15.65,128.7,"point",,"WAM","22357","WAM_R22357",0.04,132,5,3.96,2.82,3.16,2.13,1.74,2.45,2.32,1.17,1.87,1.42,5.85,156,17,,137
"R99775","Anilios","ligatus",-17.115,125.175,"point","m","WAM","99775","WAM_R99775",0.05,181,9,5.44,3.7,4.17,2.68,2.19,3.13,2.67,1.52,2.05,1.95,6.47,143,15,"tail",190
"R114894","Anilios","systenos",-28.77,114.62,"point","m","WAM","114894","WAM_R114894",0.05,256,12,2.82,2.17,,,,,,,,,,,,"yes",268
"R55038","Anilios","leptosoma",-25.733,114.283,"point","m","WAM","55038","WAM_R55038",0.035,143,5,1.46,1.26,1.18,0.85,0.71,1.14,1.28,0.58,0.33,0.77,2.66,339,12,"yes",148
"R13462","Anilios","systenos",-28.4,114.58,"point","m","WAM","13462","WAM_R13462",0.04,127,5,1.45,1.31,1.31,0.87,0.83,1.27,1.35,0.6,0.87,0.78,,,,"yes",132
"R125963","Anilios","leptosoma",-27.7,114.2,"point","m","WAM","125963","WAM_R125963",0.041,222,9,2.66,2.49,1.68,1.31,0.95,1.56,1.93,0.91,0.81,1.08,3.19,293,17,"yes",231
"R125964","Anilios","leptosoma",-27.7,114.2,"point","m","WAM","125964","WAM_R125964",0.04,178,7,2.26,1.88,1.43,1.12,0.92,1.38,1.81,0.8,0.86,0.92,3.21,288,18,"yes",185
"R55039","Anilios","leptosoma",-25.733,114.283,"point","m","WAM","55039","WAM_R55039",0.045,134,6,1.71,1.29,1.39,0.83,0.78,1.3,1.1,0.69,0.59,0.76,2.77,,,"yes",140
"R34649","Anilios","leptosoma",-27.72,114.17,"point","f","WAM","34649","WAM_R34649",0.02,366,7,4.93,3.85,,,,,,,,,,,,"yes",373
"R119241","Anilios","leptosoma",-27.7,114.167,"point","f","WAM","119241","WAM_R119241",0.017,296,5,3.25,2.53,1.91,1.51,1.13,1.66,2.07,1.14,1.06,1.33,3.64,313,11,"yes",301
"R51097","Anilios","leptosoma",-26.97,115.97,"point","f","WAM","51097","WAM_R51097",0.02,256,4,2.56,2.06,1.79,1.46,1.15,1.68,1.9,1.07,1.02,1.29,3.71,333,15,"yes",260
"R135647","Anilios","leptosoma",-27.39,114.753,"point","f","WAM","135647","WAM_R135647",0.021,286,6,3.08,2.39,2.16,1.64,1.24,1.91,2.21,1.16,1.15,1.4,3.58,,,"yes",292
"R57545","Anilios","leptosoma",-28.08,115.3,"point","f","WAM","57545","WAM_R57545",0.02,268,5,2.44,1.93,2,1.44,1.24,1.63,1.96,1.05,1.1,1.21,,,,"yes",273
"R146456","Anilios","leptosoma",-28.033,114.667,"point","f","WAM","146456","WAM_R146456",0.025,239,6,2.67,2.15,1.83,1.42,1.1,1.68,2.2,1.09,1.11,1.19,3.86,322,15,"yes",245
"R146454","Anilios","leptosoma",-28.03,114.67,"point","f","WAM","146454","WAM_R146454",0.02,261,6,3.44,2.58,1.81,1.44,1.05,1.66,2.35,1.03,0.96,1.18,3.49,,,"yes",267
"R163084","Anilios","grypusW",-23.054,119.177,"point","f","WAM","163084","WAM_R163084",0.025,236,6,2.53,1.77,2,1.22,0.91,1.79,1.66,0.97,1.07,0.98,3.93,312,12,"tail",242
"R163640","Anilios","grypusW",-22.22,117.52,"point","f","WAM","163640","WAM_R163640",0.02,210,4,1.74,1.54,1.67,1.05,0.85,1.13,1.53,0.76,0.89,0.94,3.7,305,8,"tail",214
"R151749","Anilios","ganei",-22.017,118.982,"point","m","WAM","151749","WAM_R151749",0.033,241,8,5.58,3.56,4.29,2.44,2,3.19,2.38,1.36,2.05,1.83,6.92,200,13,"yes",249
"R135625","Anilios","ganei",-23.07,118.93,"point","m","WAM","135625","WAM_R135625",0.03,267,8,7.36,4.47,4.52,3.04,1.98,3.76,3.07,1.69,2.42,2.1,7.49,197,13,"yes",275
"R162129","Anilios","ganei",-22.789,116.571,"point","m","WAM","162129","WAM_R162129",0.023,256,6,6.58,3.63,4.47,2.68,1.85,3.33,2.87,1.72,2.25,2.11,7.5,200,14,"yes",262
"R164440","Anilios","ganei",-23.33,119.86,"point","m","WAM","164440","WAM_R164440",0.03,236,7,5.44,3.04,3.86,2.55,2.35,3.51,2.44,1.3,1.82,1.87,7.3,204,14,"yes",243
"R165000","Anilios","ganei",-22.135,119.024,"point","m","WAM","165000","WAM_R165000",0.028,144,4,4.12,2.1,3.29,1.92,1.6,2.66,2.22,1.14,1.68,1.35,6.85,,,"yes",148
"R156328","Anilios","ganei",-22.23,118.98,"point","m","WAM","156328","WAM_R156328",0.02,220,5,4.99,3.42,3.7,2.42,1.74,3.28,2.43,1.48,2.02,1.88,7.6,200,11,"yes",225
"R170702","Anilios","ganei",-21.952,116.488,"point","f","WAM","170702","WAM_R170702",0.021,239,5,6.22,3.67,3.72,2.41,1.99,3.34,2.68,1.5,1.99,1.81,7.73,,,"tail",244
"R170252","Anilios","ganei",-23.28,118.1,"point","m","WAM","170252","WAM_R170252",0.03,267,7,6.2,3.07,4.26,2.68,2.6,3.65,2.81,1.63,2.14,2.06,7.79,209,14,"yes",274
"R172319","Anilios","ganei",-22.287,117.96,"point","f","WAM","172319","WAM_R172319",0.016,450,7,9.45,5.11,5.11,4.45,2.53,4.16,3.89,1.85,3.06,2.91,9.51,222,14,"yes",457
"R170062","Anilios","ganei",-21.06,118.91,"point","m","WAM","170062","WAM_R170062",0.02,252,6,4.6,3.25,3.85,2.89,2.15,3.21,2.76,1.47,2.37,2.01,7.71,203,14,"yes",258
"R26839","Anilios","yampiensis",-16.15,123.75,"point",,"WAM","26839","WAM_R26839",0.016,129,2,1.94,1.22,1.6,1.11,0.92,1.39,1.32,0.86,1.07,0.86,3.61,289,9,,131
"R51043","Anilios","troglodytes",-17.62,125.23,"point","f","WAM","51043","WAM_R51043",0.01,387,5,4.57,2.57,3.63,1.85,1.68,2.79,2.77,1.52,1.85,1.45,6.7,310,12,"tail",392
"R119900","Anilios","pinguis",-22.017,113.933,"point","f","WAM","119900","WAM_R119900",0.028,497,14,10.53,6.81,8.21,5.54,4.2,5.92,7.02,3.28,4.12,4.33,12.21,188,12,"yes",511
"R90864","Anilios","pilbarensis",-21.61,118.96,"point","m","WAM","90864","WAM_R90864",0.04,235,10,5.48,4.3,3.53,2.78,2.19,2.95,3.49,1.73,1.85,1.79,6.18,185,18,"yes",245
"R1341","Anilios","micromma",-17.867,125.433,"point",,"WAM","1341","WAM_R1341",0.025,198,5,2.69,1.79,2.03,1.65,1.21,1.98,1.41,0.87,1.15,1.22,3.77,265,14,,203
"R15710","Anilios","margaretae",-27.42,124.3,"point",,"WAM","15710","WAM_R15710",0.01,297,4,2.7,1.96,2.38,1.7,1.46,1.81,2.29,1.28,1.19,1.46,4.21,278,13,,301
"R120049","Anilios","longissimus",-20.9,115.367,"point","f","WAM","120049","WAM_R120049",0.015,266,4,1.59,1.55,1.49,1.17,0.8,1.42,1.24,0.72,1,0.9,3.26,369,12,"yes",270
"R29623","Anilios","leptosoma",-27.55,114.47,"point","m","WAM","29623","WAM_R29623",0.04,246,9,2.55,1.82,1.65,1.38,1.03,1.55,1.97,0.88,0.92,0.99,3.02,321,19,"yes",255
"R146400","Anilios","obtusifrons",-27.922,114.163,"point","f","WAM","146400","WAM_R146400",0.025,197,5,2.44,2,1.71,1.45,0.85,1.58,1.83,0.89,0.9,1.08,3.12,286,13,"yes",202
"R89435","Anilios","obtusifrons",-27.85,114.1,"point","m","WAM","89435","WAM_R89435",0.05,216,10,1.79,1.37,1.8,1.34,0.9,1.59,1.76,0.93,1.03,1.02,3.01,,,"yes",226
"R129778","Anilios","obtusifrons",-27.898,114.167,"point","f","WAM","129778","WAM_R129778",0.021,195,4,2.17,1.67,1.8,1.33,0.82,1.51,1.71,0.92,1.1,1.06,3.01,282,14,"yes",199
"R114892","Anilios","systenos",-28.77,114.62,"point","m","WAM","114892","WAM_R114892",0.04,256,10,2.43,2.37,1.76,1.47,1.03,1.7,1.93,1.09,1,1.07,3.68,297,20,"yes",266
"R113398","Anilios","systenos",,,"point","m","WAM","113398","WAM_R113398",0.039,204,8,2.38,2.26,1.65,1.25,0.92,1.47,1.71,0.88,1.04,1.05,3.24,,,"yes",212
"R114893","Anilios","systenos",-28.77,114.62,"point","m","WAM","114893","WAM_R114893",0.04,195,8,1.96,1.59,1.57,1.2,0.79,1.33,1.66,0.75,1.27,0.93,3.05,298,15,"yes",203
"R1734","Anilios","systenos",-28.717,114.817,"point","f","WAM","1734","WAM_R1734",0.02,244,5,2.9,1.93,2,1.63,1.12,1.93,2.4,1.12,1.01,1.26,3.66,,,"yes",249
"R171667","Anilios","zonula",-15.95,124.56,"point","f","WAM","171667","WAM_R171667",0.03,180,5,2.82,2.58,1.92,1.33,0.97,1.73,1.6,0.83,1.2,0.96,3.6,240,10,"yes",185
"R106250","Anilios","zonula",-15.27,124.558,"point","f","WAM","106250","WAM_R106250",0.019,154,3,1.95,1.48,1.61,1,0.77,1.27,1.28,0.64,0.78,0.81,3.15,245,13,"yes",157
"R124835","Anilios","ganei",-23.29,119.47,"point","f","WAM","124835","WAM_R124835",0.02,327,7,8.48,3.6,4.68,2.94,2.51,3.8,3.22,1.74,3.18,2.2,8.49,211,14,"yes",334
"R102111","Anilios","ganei",-21.65,116.317,"point","f","WAM","102111","WAM_R102111",0.02,256,5,5.16,2.96,4.44,3.02,2.25,3.6,3.1,1.66,2.37,1.99,7.42,207,13,"yes",261
"R129571","Anilios","ganei",-23.35,119.57,"point","f","WAM","129571","WAM_R129571",0.03,234,7,4.88,2.81,4.07,2.31,2.06,3.17,2.63,1.19,2.3,1.42,7.73,211,12,"yes",241
"R69572","Anilios","hamatus",-22.633,118.1,"point","f","WAM","69572","WAM_R69572",0.022,360,8,6.51,5.86,4.68,3.39,2.38,3.94,4.3,2.01,2.71,2.47,8.02,195,10,"yes",368
"R66323","Anilios","hamatus",-23.2,118.83,"point","m","WAM","66323","WAM_R66323",0.04,250,9,4.91,3.84,3.45,2.61,2.37,3.25,3.43,1.76,2.21,1.82,6.45,177,13,"yes",259
"R77226","Anilios","howi",-14.567,125.849,"point","m","WAM","77226","WAM_R77226",0.031,193,6,3.29,2.73,1.94,1.36,0.97,1.7,1.55,0.81,1.21,0.96,3.78,255,12,"tail",199
"R41456","Anilios","kimberleyensis",-14.53,125.13,"point","f","WAM","41456","WAM_R41456",0.02,288,6,5.01,2.56,3.44,1.9,1.61,2.79,2.8,1.3,2.05,1.48,5.63,250,11,"tail",294
"R134917","Anilios","australis",-31.45,116.273,"point","m","WAM","134917","WAM_R134917",0.05,160,8,4.86,3.59,2.71,1.86,1.85,2.39,2.56,1.47,1.51,1.32,5.51,,,"yes",168
"R135228","Anilios","australis",-32.16,121.74,"point","m","WAM","135228","WAM_R135228",0.04,216,8,5.07,4.01,3.71,2.53,2.73,2.87,3.37,1.68,1.98,1.85,6.48,,,"yes",224
"R163524","Anilios","vagurima",-17.03,126.65,,"m","WAM","163524","WAM_R163524",,324.5,4,3.8,3.19,3.75,2.71,1.81,2.52,2.73,1.67,,2.27,,,,"y",328.5
"ZMB18963","Anilios","erycinus",-4.213,143.62,,,"ZMB","18963","ZMB_ZMB18963",,340,10,8.57,4.76,6.59,4.955,2.7,4.2,3.89,2.98,3.76,4,12.116,,,,350
"SMZ0364","Anilios","broomi",-20.313,146.879,,"f","SMZ","0364","SMZ_SMZ0364",,207,4,4.17,2.665,2.575,1.765,1.32,1.645,1.83,0.86,1.04,1.485,4.252,235,10,"yes",211
